PDF;Seite;Leitidee;Stufe;Begriff;Exakt;Flexion;Kompositum;Wortteil;Anzahl_Gesamt;Score_Gewichtet
Mathwelt 2 Themenbuch Sem 1.pdf;2;Geschlechter und Gleichstellung;Stufe 1;Arbeit;0;0;0;1;1;0.1
Mathwelt 2 Themenbuch Sem 1.pdf;2;Geschlechter und Gleichstellung;Stufe 2;Arbeit;0;0;0;1;1;0.1
Mathwelt 2 Themenbuch Sem 1.pdf;2;Geschlechter und Gleichstellung;Stufe 1;Mann;0;0;1;0;1;0.5
Mathwelt 2 Themenbuch Sem 1.pdf;2;Geschlechter und Gleichstellung;Stufe 1;Partner;1;0;1;0;2;1.5
Mathwelt 2 Themenbuch Sem 1.pdf;2;Geschlechter und Gleichstellung;Stufe 1;Person;0;0;0;1;1;0.1
Mathwelt 2 Themenbuch Sem 1.pdf;2;Geschlechter und Gleichstellung;Stufe 2;Recht;0;0;0;2;2;0.2
Mathwelt 2 Themenbuch Sem 1.pdf;2;Gesundheit;Stufe 2;Beratung;0;0;1;0;1;0.5
Mathwelt 2 Themenbuch Sem 1.pdf;2;Globale Entwicklung und Frieden;Stufe 2;Entwicklung;0;0;1;1;2;0.6
Mathwelt 2 Themenbuch Sem 1.pdf;2;Globale Entwicklung und Frieden;Stufe 1;Unterstützung;0;0;1;0;1;0.5
Mathwelt 2 Themenbuch Sem 1.pdf;2;Globale Entwicklung und Frieden;Stufe 1;Welt;0;0;1;0;1;0.5
Mathwelt 2 Themenbuch Sem 1.pdf;2;Kulturelle Identitäten und interkulturelle Verständigung;Stufe 1;Art;1;0;1;2;4;1.7
Mathwelt 2 Themenbuch Sem 1.pdf;2;Kulturelle Identitäten und interkulturelle Verständigung;Stufe 2;Werte;0;0;1;0;1;0.6
Mathwelt 2 Themenbuch Sem 1.pdf;2;Natürliche Umwelt und Ressourcen;Stufe 2;Arten;0;1;0;0;1;0.75
Mathwelt 2 Themenbuch Sem 1.pdf;2;Natürliche Umwelt und Ressourcen;Stufe 1;Berg;0;0;1;0;1;0.5
Mathwelt 2 Themenbuch Sem 1.pdf;2;Natürliche Umwelt und Ressourcen;Stufe 1;Erde;0;0;0;1;1;0.1
Mathwelt 2 Themenbuch Sem 1.pdf;2;Natürliche Umwelt und Ressourcen;Stufe 2;Material;0;0;1;1;2;0.6
Mathwelt 2 Themenbuch Sem 1.pdf;2;Politik, Demokratie und Menschenrechte;Stufe 2;Gesetz;0;0;1;0;1;0.5
Mathwelt 2 Themenbuch Sem 1.pdf;2;Politik, Demokratie und Menschenrechte;Stufe 1;Recht;0;0;0;2;2;0.2
Mathwelt 2 Themenbuch Sem 1.pdf;2;Politik, Demokratie und Menschenrechte;Stufe 2;Rechte;0;0;0;2;2;0.2
Mathwelt 2 Themenbuch Sem 1.pdf;2;Politik, Demokratie und Menschenrechte;Stufe 1;Wert;0;0;0;1;1;0.1
Mathwelt 2 Themenbuch Sem 1.pdf;2;Wirtschaft und Konsum;Stufe 1;Arbeit;0;0;0;1;1;0.1
Mathwelt 2 Themenbuch Sem 1.pdf;2;Wirtschaft und Konsum;Stufe 2;Hersteller;0;0;0;1;1;0.1
Mathwelt 2 Themenbuch Sem 1.pdf;3;Geschlechter und Gleichstellung;Stufe 2;Anteil;0;0;0;1;1;0.1
Mathwelt 2 Themenbuch Sem 1.pdf;3;Geschlechter und Gleichstellung;Stufe 1;Arbeit;0;0;0;2;2;0.2
Mathwelt 2 Themenbuch Sem 1.pdf;3;Geschlechter und Gleichstellung;Stufe 2;Arbeit;0;0;0;2;2;0.2
Mathwelt 2 Themenbuch Sem 1.pdf;3;Gesundheit;Stufe 1;Körper;0;0;1;0;1;0.5
Mathwelt 2 Themenbuch Sem 1.pdf;3;Globale Entwicklung und Frieden;Stufe 1;Welt;0;0;1;0;1;0.5
Mathwelt 2 Themenbuch Sem 1.pdf;3;Wirtschaft und Konsum;Stufe 1;Arbeit;0;0;0;2;2;0.2
Mathwelt 2 Themenbuch Sem 1.pdf;3;Wirtschaft und Konsum;Stufe 1;Geld;0;0;1;0;1;0.5
Mathwelt 2 Themenbuch Sem 1.pdf;4;Kulturelle Identitäten und interkulturelle Verständigung;Stufe 1;Art;0;0;0;1;1;0.1
Mathwelt 2 Themenbuch Sem 1.pdf;4;Natürliche Umwelt und Ressourcen;Stufe 2;Arten;0;0;0;1;1;0.1
Mathwelt 2 Themenbuch Sem 1.pdf;4;Natürliche Umwelt und Ressourcen;Stufe 2;Material;0;0;1;0;1;0.5
Mathwelt 2 Themenbuch Sem 1.pdf;4;Natürliche Umwelt und Ressourcen;Stufe 2;Stein;0;0;0;1;1;0.1
Mathwelt 2 Themenbuch Sem 1.pdf;4;Wirtschaft und Konsum;Stufe 1;Geld;0;0;1;0;1;0.5
Mathwelt 2 Themenbuch Sem 1.pdf;5;Geschlechter und Gleichstellung;Stufe 1;Arbeit;0;2;5;4;11;4.4
Mathwelt 2 Themenbuch Sem 1.pdf;5;Geschlechter und Gleichstellung;Stufe 2;Arbeit;0;2;5;4;11;4.4
Mathwelt 2 Themenbuch Sem 1.pdf;5;Geschlechter und Gleichstellung;Stufe 3;Aufgaben;18;0;5;0;23;20.6
Mathwelt 2 Themenbuch Sem 1.pdf;5;Geschlechter und Gleichstellung;Stufe 1;Gruppe;2;0;1;0;3;2.5
Mathwelt 2 Themenbuch Sem 1.pdf;5;Geschlechter und Gleichstellung;Stufe 1;Partner;1;0;0;0;1;1
Mathwelt 2 Themenbuch Sem 1.pdf;5;Geschlechter und Gleichstellung;Stufe 1;Person;0;0;2;0;2;1
Mathwelt 2 Themenbuch Sem 1.pdf;5;Geschlechter und Gleichstellung;Stufe 1;gleich;1;1;1;0;3;2.25
Mathwelt 2 Themenbuch Sem 1.pdf;5;Globale Entwicklung und Frieden;Stufe 1;Gemeinschaft;0;0;1;0;1;0.5
Mathwelt 2 Themenbuch Sem 1.pdf;5;Globale Entwicklung und Frieden;Stufe 1;Gruppe;2;0;1;0;3;2.5
Mathwelt 2 Themenbuch Sem 1.pdf;5;Globale Entwicklung und Frieden;Stufe 1;Unterstützung;0;1;0;0;1;0.75
Mathwelt 2 Themenbuch Sem 1.pdf;5;Globale Entwicklung und Frieden;Stufe 1;Welt;0;0;3;0;3;1.5
Mathwelt 2 Themenbuch Sem 1.pdf;5;Kulturelle Identitäten und interkulturelle Verständigung;Stufe 1;Art;0;0;0;1;1;0.1
Mathwelt 2 Themenbuch Sem 1.pdf;5;Kulturelle Identitäten und interkulturelle Verständigung;Stufe 2;Begegnung;0;1;0;0;1;0.75
Mathwelt 2 Themenbuch Sem 1.pdf;5;Kulturelle Identitäten und interkulturelle Verständigung;Stufe 2;Gemeinschaft;0;0;1;0;1;0.5
Mathwelt 2 Themenbuch Sem 1.pdf;5;Kulturelle Identitäten und interkulturelle Verständigung;Stufe 1;Gruppe;2;0;1;0;3;2.5
Mathwelt 2 Themenbuch Sem 1.pdf;5;Natürliche Umwelt und Ressourcen;Stufe 1;Berg;0;1;0;0;1;0.75
Mathwelt 2 Themenbuch Sem 1.pdf;5;Natürliche Umwelt und Ressourcen;Stufe 1;Erde;0;0;0;3;3;0.3
Mathwelt 2 Themenbuch Sem 1.pdf;5;Politik, Demokratie und Menschenrechte;Stufe 3;Gleichheit;0;2;1;0;3;2
Mathwelt 2 Themenbuch Sem 1.pdf;5;Politik, Demokratie und Menschenrechte;Stufe 1;Gruppe;2;0;1;0;3;2.5
Mathwelt 2 Themenbuch Sem 1.pdf;5;Wirtschaft und Konsum;Stufe 1;Arbeit;0;2;5;4;11;4.4
Mathwelt 2 Themenbuch Sem 1.pdf;6;Geschlechter und Gleichstellung;Stufe 2;Bildung;0;3;0;0;3;2.25
Mathwelt 2 Themenbuch Sem 1.pdf;6;Globale Entwicklung und Frieden;Stufe 3;Bildung;0;3;0;0;3;2.25
Mathwelt 2 Themenbuch Sem 1.pdf;6;Politik, Demokratie und Menschenrechte;Stufe 3;Mehrheit;0;0;1;0;1;0.5
Mathwelt 2 Themenbuch Sem 1.pdf;7;Geschlechter und Gleichstellung;Stufe 2;Bildung;0;1;0;0;1;0.75
Mathwelt 2 Themenbuch Sem 1.pdf;7;Geschlechter und Gleichstellung;Stufe 1;gleich;0;1;0;0;1;0.75
Mathwelt 2 Themenbuch Sem 1.pdf;7;Globale Entwicklung und Frieden;Stufe 3;Bildung;0;1;0;0;1;0.75
Mathwelt 2 Themenbuch Sem 1.pdf;7;Politik, Demokratie und Menschenrechte;Stufe 3;Gleichheit;0;1;0;0;1;0.75
Mathwelt 2 Themenbuch Sem 1.pdf;7;Politik, Demokratie und Menschenrechte;Stufe 3;Mehrheit;0;0;1;0;1;0.5
Mathwelt 2 Themenbuch Sem 1.pdf;8;Geschlechter und Gleichstellung;Stufe 2;Bildung;0;0;1;0;1;0.6
Mathwelt 2 Themenbuch Sem 1.pdf;8;Gesundheit;Stufe 1;Essen;0;0;0;1;1;0.1
Mathwelt 2 Themenbuch Sem 1.pdf;8;Globale Entwicklung und Frieden;Stufe 3;Bildung;0;0;1;0;1;0.6
Mathwelt 2 Themenbuch Sem 1.pdf;8;Globale Entwicklung und Frieden;Stufe 1;Hilfe;1;0;0;0;1;1
Mathwelt 2 Themenbuch Sem 1.pdf;8;Kulturelle Identitäten und interkulturelle Verständigung;Stufe 1;Essen;0;0;0;1;1;0.1
Mathwelt 2 Themenbuch Sem 1.pdf;8;Natürliche Umwelt und Ressourcen;Stufe 2;Material;1;0;0;0;1;1
Mathwelt 2 Themenbuch Sem 1.pdf;8;Wirtschaft und Konsum;Stufe 2;Marke;0;0;1;0;1;0.5
Mathwelt 2 Themenbuch Sem 1.pdf;9;Geschlechter und Gleichstellung;Stufe 2;Bildung;0;1;0;1;2;0.85
Mathwelt 2 Themenbuch Sem 1.pdf;9;Geschlechter und Gleichstellung;Stufe 1;Mann;0;1;0;0;1;0.75
Mathwelt 2 Themenbuch Sem 1.pdf;9;Geschlechter und Gleichstellung;Stufe 1;Partner;0;0;0;2;2;0.2
Mathwelt 2 Themenbuch Sem 1.pdf;9;Geschlechter und Gleichstellung;Stufe 2;Recht;0;0;1;0;1;0.5
Mathwelt 2 Themenbuch Sem 1.pdf;9;Geschlechter und Gleichstellung;Stufe 1;Rolle;0;0;0;1;1;0.1
Mathwelt 2 Themenbuch Sem 1.pdf;9;Globale Entwicklung und Frieden;Stufe 3;Bildung;0;1;0;1;2;0.85
Mathwelt 2 Themenbuch Sem 1.pdf;9;Kulturelle Identitäten und interkulturelle Verständigung;Stufe 1;Art;0;0;0;2;2;0.2
Mathwelt 2 Themenbuch Sem 1.pdf;9;Politik, Demokratie und Menschenrechte;Stufe 3;Mehrheit;0;0;1;0;1;0.5
Mathwelt 2 Themenbuch Sem 1.pdf;9;Politik, Demokratie und Menschenrechte;Stufe 1;Recht;0;0;1;0;1;0.5
Mathwelt 2 Themenbuch Sem 1.pdf;9;Politik, Demokratie und Menschenrechte;Stufe 2;Rechte;0;0;1;0;1;0.6
Mathwelt 2 Themenbuch Sem 1.pdf;9;Politik, Demokratie und Menschenrechte;Stufe 1;Stimme;0;0;0;1;1;0.1
Mathwelt 2 Themenbuch Sem 1.pdf;9;Wirtschaft und Konsum;Stufe 1;Tausch;0;0;1;0;1;0.5
Mathwelt 2 Themenbuch Sem 1.pdf;10;Geschlechter und Gleichstellung;Stufe 3;Aufgaben;1;0;0;0;1;1
Mathwelt 2 Themenbuch Sem 1.pdf;10;Geschlechter und Gleichstellung;Stufe 2;Bildung;0;4;0;0;4;3
Mathwelt 2 Themenbuch Sem 1.pdf;10;Geschlechter und Gleichstellung;Stufe 2;Recht;0;2;0;0;2;1.5
Mathwelt 2 Themenbuch Sem 1.pdf;10;Geschlechter und Gleichstellung;Stufe 1;Rolle;0;0;0;1;1;0.1
Mathwelt 2 Themenbuch Sem 1.pdf;10;Globale Entwicklung und Frieden;Stufe 3;Bildung;0;4;0;0;4;3
Mathwelt 2 Themenbuch Sem 1.pdf;10;Globale Entwicklung und Frieden;Stufe 1;Gemeinschaft;0;0;2;0;2;1
Mathwelt 2 Themenbuch Sem 1.pdf;10;Kulturelle Identitäten und interkulturelle Verständigung;Stufe 2;Gemeinschaft;0;0;2;0;2;1
Mathwelt 2 Themenbuch Sem 1.pdf;10;Politik, Demokratie und Menschenrechte;Stufe 3;Mehrheit;0;0;1;0;1;0.5
Mathwelt 2 Themenbuch Sem 1.pdf;10;Politik, Demokratie und Menschenrechte;Stufe 1;Recht;0;2;0;0;2;1.5
Mathwelt 2 Themenbuch Sem 1.pdf;10;Politik, Demokratie und Menschenrechte;Stufe 2;Rechte;0;2;0;0;2;1.5
Mathwelt 2 Themenbuch Sem 1.pdf;10;Politik, Demokratie und Menschenrechte;Stufe 1;Regeln;3;0;0;0;3;3
Mathwelt 2 Themenbuch Sem 1.pdf;10;Politik, Demokratie und Menschenrechte;Stufe 1;Stimme;0;0;1;0;1;0.5
Mathwelt 2 Themenbuch Sem 1.pdf;10;Wirtschaft und Konsum;Stufe 1;Tausch;0;3;0;0;3;2.25
Mathwelt 2 Themenbuch Sem 1.pdf;11;Natürliche Umwelt und Ressourcen;Stufe 2;Material;1;0;0;0;1;1
Mathwelt 2 Themenbuch Sem 1.pdf;11;Wirtschaft und Konsum;Stufe 2;Hersteller;0;1;0;0;1;0.75
Mathwelt 2 Themenbuch Sem 1.pdf;12;Geschlechter und Gleichstellung;Stufe 1;gleich;0;1;0;0;1;0.75
Mathwelt 2 Themenbuch Sem 1.pdf;12;Politik, Demokratie und Menschenrechte;Stufe 3;Gleichheit;0;1;0;0;1;0.75
Mathwelt 2 Themenbuch Sem 1.pdf;14;Geschlechter und Gleichstellung;Stufe 1;gleich;0;1;0;0;1;0.75
Mathwelt 2 Themenbuch Sem 1.pdf;14;Globale Entwicklung und Frieden;Stufe 1;Nation;0;0;0;1;1;0.1
Mathwelt 2 Themenbuch Sem 1.pdf;14;Politik, Demokratie und Menschenrechte;Stufe 3;Gleichheit;0;1;0;0;1;0.75
Mathwelt 2 Themenbuch Sem 1.pdf;14;Politik, Demokratie und Menschenrechte;Stufe 1;Regeln;0;0;1;0;1;0.5
Mathwelt 2 Themenbuch Sem 1.pdf;15;Geschlechter und Gleichstellung;Stufe 2;Recht;0;0;1;0;1;0.5
Mathwelt 2 Themenbuch Sem 1.pdf;15;Natürliche Umwelt und Ressourcen;Stufe 1;Erde;0;0;0;1;1;0.1
Mathwelt 2 Themenbuch Sem 1.pdf;15;Politik, Demokratie und Menschenrechte;Stufe 1;Recht;0;0;1;0;1;0.5
Mathwelt 2 Themenbuch Sem 1.pdf;15;Politik, Demokratie und Menschenrechte;Stufe 2;Rechte;0;0;1;0;1;0.5
Mathwelt 2 Themenbuch Sem 1.pdf;16;Geschlechter und Gleichstellung;Stufe 2;Bildung;0;5;0;0;5;3.75
Mathwelt 2 Themenbuch Sem 1.pdf;16;Globale Entwicklung und Frieden;Stufe 3;Bildung;0;5;0;0;5;3.75
Mathwelt 2 Themenbuch Sem 1.pdf;16;Globale Entwicklung und Frieden;Stufe 1;Hilfe;0;0;1;0;1;0.5
Mathwelt 2 Themenbuch Sem 1.pdf;16;Natürliche Umwelt und Ressourcen;Stufe 1;Tier;0;0;0;1;1;0.1
Mathwelt 2 Themenbuch Sem 1.pdf;16;Wirtschaft und Konsum;Stufe 1;Tausch;0;0;1;0;1;0.5
Mathwelt 2 Themenbuch Sem 1.pdf;17;Geschlechter und Gleichstellung;Stufe 2;Bildung;0;0;0;1;1;0.1
Mathwelt 2 Themenbuch Sem 1.pdf;17;Geschlechter und Gleichstellung;Stufe 2;Recht;0;0;5;0;5;2.5
Mathwelt 2 Themenbuch Sem 1.pdf;17;Geschlechter und Gleichstellung;Stufe 1;gleich;1;0;0;0;1;1
Mathwelt 2 Themenbuch Sem 1.pdf;17;Globale Entwicklung und Frieden;Stufe 3;Bildung;0;0;0;1;1;0.1
Mathwelt 2 Themenbuch Sem 1.pdf;17;Natürliche Umwelt und Ressourcen;Stufe 2;Stein;0;0;0;3;3;0.3
Mathwelt 2 Themenbuch Sem 1.pdf;17;Natürliche Umwelt und Ressourcen;Stufe 1;Tier;0;0;0;1;1;0.1
Mathwelt 2 Themenbuch Sem 1.pdf;17;Politik, Demokratie und Menschenrechte;Stufe 3;Gleichheit;0;1;0;0;1;0.75
Mathwelt 2 Themenbuch Sem 1.pdf;17;Politik, Demokratie und Menschenrechte;Stufe 3;Mehrheit;0;0;1;0;1;0.5
Mathwelt 2 Themenbuch Sem 1.pdf;17;Politik, Demokratie und Menschenrechte;Stufe 1;Recht;0;0;5;0;5;2.5
Mathwelt 2 Themenbuch Sem 1.pdf;17;Politik, Demokratie und Menschenrechte;Stufe 2;Rechte;0;0;5;0;5;2.5
Mathwelt 2 Themenbuch Sem 1.pdf;17;Wirtschaft und Konsum;Stufe 2;Hersteller;0;3;0;0;3;2.25
Mathwelt 2 Themenbuch Sem 1.pdf;18;Natürliche Umwelt und Ressourcen;Stufe 1;Tier;0;0;0;1;1;0.1
Mathwelt 2 Themenbuch Sem 1.pdf;18;Wirtschaft und Konsum;Stufe 1;Tausch;0;0;1;0;1;0.5
Mathwelt 2 Themenbuch Sem 1.pdf;19;Wirtschaft und Konsum;Stufe 1;Tausch;0;0;1;0;1;0.5
Mathwelt 2 Themenbuch Sem 1.pdf;20;Geschlechter und Gleichstellung;Stufe 1;Kind;0;4;1;0;5;3.5
Mathwelt 2 Themenbuch Sem 1.pdf;20;Geschlechter und Gleichstellung;Stufe 1;Person;0;0;2;1;3;1.2
Mathwelt 2 Themenbuch Sem 1.pdf;20;Geschlechter und Gleichstellung;Stufe 1;Rolle;0;1;0;0;1;0.75
Mathwelt 2 Themenbuch Sem 1.pdf;20;Geschlechter und Gleichstellung;Stufe 1;gleich;0;0;0;1;1;0.1
Mathwelt 2 Themenbuch Sem 1.pdf;20;Kulturelle Identitäten und interkulturelle Verständigung;Stufe 1;Brauch;0;0;1;0;1;0.5
Mathwelt 2 Themenbuch Sem 1.pdf;20;Kulturelle Identitäten und interkulturelle Verständigung;Stufe 1;Kleidung;0;0;1;0;1;0.5
Mathwelt 2 Themenbuch Sem 1.pdf;20;Natürliche Umwelt und Ressourcen;Stufe 1;Erde;0;0;0;2;2;0.2
Mathwelt 2 Themenbuch Sem 1.pdf;20;Natürliche Umwelt und Ressourcen;Stufe 1;Tier;0;0;0;1;1;0.1
Mathwelt 2 Themenbuch Sem 1.pdf;20;Politik, Demokratie und Menschenrechte;Stufe 3;Gleichheit;0;0;1;0;1;0.6
Mathwelt 2 Themenbuch Sem 1.pdf;20;Politik, Demokratie und Menschenrechte;Stufe 1;Stimme;0;0;0;1;1;0.1
Mathwelt 2 Themenbuch Sem 1.pdf;20;Wirtschaft und Konsum;Stufe 1;Leistung;0;0;0;1;1;0.1
Mathwelt 2 Themenbuch Sem 1.pdf;21;Geschlechter und Gleichstellung;Stufe 1;gleich;0;1;0;0;1;0.75
Mathwelt 2 Themenbuch Sem 1.pdf;21;Kulturelle Identitäten und interkulturelle Verständigung;Stufe 1;Art;0;0;0;1;1;0.1
Mathwelt 2 Themenbuch Sem 1.pdf;21;Natürliche Umwelt und Ressourcen;Stufe 2;Arten;0;0;1;0;1;0.5
Mathwelt 2 Themenbuch Sem 1.pdf;21;Natürliche Umwelt und Ressourcen;Stufe 2;Stein;0;0;0;1;1;0.1
Mathwelt 2 Themenbuch Sem 1.pdf;21;Politik, Demokratie und Menschenrechte;Stufe 3;Gleichheit;0;1;0;0;1;0.75
Mathwelt 2 Themenbuch Sem 1.pdf;21;Wirtschaft und Konsum;Stufe 2;Marke;0;0;0;3;3;0.3
Mathwelt 2 Themenbuch Sem 1.pdf;22;Geschlechter und Gleichstellung;Stufe 3;Aufgaben;1;0;0;0;1;1
Mathwelt 2 Themenbuch Sem 1.pdf;22;Gesundheit;Stufe 1;Rein;0;1;0;0;1;0.75
Mathwelt 2 Themenbuch Sem 1.pdf;23;Kulturelle Identitäten und interkulturelle Verständigung;Stufe 2;Werte;0;0;1;0;1;0.6
Mathwelt 2 Themenbuch Sem 1.pdf;23;Natürliche Umwelt und Ressourcen;Stufe 1;Tier;0;0;0;3;3;0.3
Mathwelt 2 Themenbuch Sem 1.pdf;23;Politik, Demokratie und Menschenrechte;Stufe 1;Wert;0;0;1;0;1;0.5
Mathwelt 2 Themenbuch Sem 1.pdf;24;Geschlechter und Gleichstellung;Stufe 1;Person;0;0;2;0;2;1
Mathwelt 2 Themenbuch Sem 1.pdf;24;Geschlechter und Gleichstellung;Stufe 1;gleich;0;0;0;2;2;0.2
Mathwelt 2 Themenbuch Sem 1.pdf;24;Globale Entwicklung und Frieden;Stufe 1;Welt;0;0;0;1;1;0.1
Mathwelt 2 Themenbuch Sem 1.pdf;24;Kulturelle Identitäten und interkulturelle Verständigung;Stufe 1;Wohnen;0;0;2;0;2;1.2
Mathwelt 2 Themenbuch Sem 1.pdf;24;Natürliche Umwelt und Ressourcen;Stufe 2;Umwelt;0;0;1;0;1;0.5
Mathwelt 2 Themenbuch Sem 1.pdf;24;Natürliche Umwelt und Ressourcen;Stufe 1;Wald;0;0;0;1;1;0.1
Mathwelt 2 Themenbuch Sem 1.pdf;24;Natürliche Umwelt und Ressourcen;Stufe 2;Wald;0;0;0;1;1;0.1
Mathwelt 2 Themenbuch Sem 1.pdf;24;Politik, Demokratie und Menschenrechte;Stufe 3;Gleichheit;0;0;1;1;2;0.7
Mathwelt 2 Themenbuch Sem 1.pdf;25;Kulturelle Identitäten und interkulturelle Verständigung;Stufe 1;Art;0;0;0;2;2;0.2
Mathwelt 2 Themenbuch Sem 1.pdf;25;Natürliche Umwelt und Ressourcen;Stufe 2;Arten;0;0;2;0;2;1
Mathwelt 2 Themenbuch Sem 1.pdf;25;Natürliche Umwelt und Ressourcen;Stufe 1;Tier;0;0;0;1;1;0.1
Mathwelt 2 Themenbuch Sem 1.pdf;26;Geschlechter und Gleichstellung;Stufe 3;Aufgaben;0;1;0;0;1;0.75
Mathwelt 2 Themenbuch Sem 1.pdf;26;Kulturelle Identitäten und interkulturelle Verständigung;Stufe 1;Fest;1;0;0;0;1;1
Mathwelt 2 Themenbuch Sem 1.pdf;26;Politik, Demokratie und Menschenrechte;Stufe 1;Ordnung;0;0;1;0;1;0.6
Mathwelt 2 Themenbuch Sem 1.pdf;27;Geschlechter und Gleichstellung;Stufe 3;Aufgaben;0;1;0;0;1;0.75
Mathwelt 2 Themenbuch Sem 1.pdf;27;Geschlechter und Gleichstellung;Stufe 2;Recht;0;0;1;0;1;0.5
Mathwelt 2 Themenbuch Sem 1.pdf;27;Natürliche Umwelt und Ressourcen;Stufe 1;Tier;0;0;0;1;1;0.1
Mathwelt 2 Themenbuch Sem 1.pdf;27;Politik, Demokratie und Menschenrechte;Stufe 1;Recht;0;0;1;0;1;0.5
Mathwelt 2 Themenbuch Sem 1.pdf;27;Politik, Demokratie und Menschenrechte;Stufe 2;Rechte;0;0;1;0;1;0.5
Mathwelt 2 Themenbuch Sem 1.pdf;28;Kulturelle Identitäten und interkulturelle Verständigung;Stufe 1;Art;0;0;0;2;2;0.2
Mathwelt 2 Themenbuch Sem 1.pdf;28;Natürliche Umwelt und Ressourcen;Stufe 2;Arten;0;0;1;0;1;0.5
Mathwelt 2 Themenbuch Sem 1.pdf;28;Politik, Demokratie und Menschenrechte;Stufe 1;Stimme;0;0;0;1;1;0.1
Mathwelt 2 Themenbuch Sem 1.pdf;28;Wirtschaft und Konsum;Stufe 1;Tausch;0;0;0;1;1;0.1
Mathwelt 2 Themenbuch Sem 1.pdf;29;Geschlechter und Gleichstellung;Stufe 1;gleich;2;0;0;0;2;2
Mathwelt 2 Themenbuch Sem 1.pdf;29;Politik, Demokratie und Menschenrechte;Stufe 3;Gleichheit;0;2;0;0;2;1.5
Mathwelt 2 Themenbuch Sem 1.pdf;30;Geschlechter und Gleichstellung;Stufe 3;Aufgaben;0;1;0;0;1;0.75
Mathwelt 2 Themenbuch Sem 1.pdf;30;Geschlechter und Gleichstellung;Stufe 2;Bildung;0;0;0;2;2;0.2
Mathwelt 2 Themenbuch Sem 1.pdf;30;Geschlechter und Gleichstellung;Stufe 1;gleich;2;0;0;0;2;2
Mathwelt 2 Themenbuch Sem 1.pdf;30;Globale Entwicklung und Frieden;Stufe 3;Bildung;0;0;0;2;2;0.2
Mathwelt 2 Themenbuch Sem 1.pdf;30;Kulturelle Identitäten und interkulturelle Verständigung;Stufe 1;Fest;1;0;0;0;1;1
Mathwelt 2 Themenbuch Sem 1.pdf;30;Politik, Demokratie und Menschenrechte;Stufe 3;Gleichheit;0;2;0;0;2;1.5
Mathwelt 2 Themenbuch Sem 1.pdf;31;Geschlechter und Gleichstellung;Stufe 2;Bildung;0;1;0;0;1;0.75
Mathwelt 2 Themenbuch Sem 1.pdf;31;Globale Entwicklung und Frieden;Stufe 3;Bildung;0;1;0;0;1;0.75
Mathwelt 2 Themenbuch Sem 1.pdf;31;Kulturelle Identitäten und interkulturelle Verständigung;Stufe 1;Art;0;0;0;3;3;0.3
Mathwelt 2 Themenbuch Sem 1.pdf;31;Natürliche Umwelt und Ressourcen;Stufe 2;Arten;0;0;2;1;3;1.1
Mathwelt 2 Themenbuch Sem 1.pdf;31;Politik, Demokratie und Menschenrechte;Stufe 1;Stimme;0;0;0;1;1;0.1
Mathwelt 2 Themenbuch Sem 1.pdf;32;Geschlechter und Gleichstellung;Stufe 3;Aufgaben;0;3;0;0;3;2.25
Mathwelt 2 Themenbuch Sem 1.pdf;32;Geschlechter und Gleichstellung;Stufe 1;Gruppe;0;1;0;0;1;0.75
Mathwelt 2 Themenbuch Sem 1.pdf;32;Geschlechter und Gleichstellung;Stufe 1;gleich;1;2;0;0;3;2.5
Mathwelt 2 Themenbuch Sem 1.pdf;32;Globale Entwicklung und Frieden;Stufe 1;Gruppe;0;1;0;0;1;0.75
Mathwelt 2 Themenbuch Sem 1.pdf;32;Kulturelle Identitäten und interkulturelle Verständigung;Stufe 1;Gruppe;0;1;0;0;1;0.75
Mathwelt 2 Themenbuch Sem 1.pdf;32;Natürliche Umwelt und Ressourcen;Stufe 1;Tier;0;0;0;1;1;0.1
Mathwelt 2 Themenbuch Sem 1.pdf;32;Politik, Demokratie und Menschenrechte;Stufe 3;Gleichheit;0;3;0;0;3;2.25
Mathwelt 2 Themenbuch Sem 1.pdf;32;Politik, Demokratie und Menschenrechte;Stufe 1;Gruppe;0;1;0;0;1;0.75
Mathwelt 2 Themenbuch Sem 1.pdf;32;Politik, Demokratie und Menschenrechte;Stufe 3;Mehrheit;0;1;1;0;2;1.25
Mathwelt 2 Themenbuch Sem 1.pdf;32;Politik, Demokratie und Menschenrechte;Stufe 1;Ordnung;0;0;0;1;1;0.1
Mathwelt 2 Themenbuch Sem 1.pdf;33;Kulturelle Identitäten und interkulturelle Verständigung;Stufe 1;Art;0;0;0;2;2;0.2
Mathwelt 2 Themenbuch Sem 1.pdf;33;Wirtschaft und Konsum;Stufe 1;Tausch;0;0;1;0;1;0.5
Mathwelt 2 Themenbuch Sem 1.pdf;34;Geschlechter und Gleichstellung;Stufe 3;Aufgaben;1;0;0;0;1;1
Mathwelt 2 Themenbuch Sem 1.pdf;34;Geschlechter und Gleichstellung;Stufe 2;Recht;0;3;1;0;4;2.75
Mathwelt 2 Themenbuch Sem 1.pdf;34;Kulturelle Identitäten und interkulturelle Verständigung;Stufe 1;Art;0;0;0;5;5;0.5
Mathwelt 2 Themenbuch Sem 1.pdf;34;Natürliche Umwelt und Ressourcen;Stufe 2;Arten;0;0;2;0;2;1
Mathwelt 2 Themenbuch Sem 1.pdf;34;Politik, Demokratie und Menschenrechte;Stufe 1;Recht;0;3;1;0;4;2.75
Mathwelt 2 Themenbuch Sem 1.pdf;34;Politik, Demokratie und Menschenrechte;Stufe 2;Rechte;0;3;1;0;4;2.75
Mathwelt 2 Themenbuch Sem 1.pdf;35;Globale Entwicklung und Frieden;Stufe 1;Land;0;0;1;0;1;0.5
Mathwelt 2 Themenbuch Sem 1.pdf;35;Natürliche Umwelt und Ressourcen;Stufe 1;Erde;0;0;0;1;1;0.1
Mathwelt 2 Themenbuch Sem 1.pdf;35;Natürliche Umwelt und Ressourcen;Stufe 2;Landschaft;0;0;1;0;1;0.5
Mathwelt 2 Themenbuch Sem 1.pdf;35;Natürliche Umwelt und Ressourcen;Stufe 2;Stein;1;0;0;0;1;1
Mathwelt 2 Themenbuch Sem 1.pdf;36;Geschlechter und Gleichstellung;Stufe 1;Mann;0;1;0;0;1;0.75
Mathwelt 2 Themenbuch Sem 1.pdf;36;Geschlechter und Gleichstellung;Stufe 1;gleich;4;0;0;0;4;4
Mathwelt 2 Themenbuch Sem 1.pdf;36;Politik, Demokratie und Menschenrechte;Stufe 3;Gleichheit;0;4;0;0;4;3
Mathwelt 2 Themenbuch Sem 1.pdf;36;Politik, Demokratie und Menschenrechte;Stufe 3;Mehrheit;0;1;0;0;1;0.75
Mathwelt 2 Themenbuch Sem 1.pdf;36;Wirtschaft und Konsum;Stufe 1;Geld;1;0;0;0;1;1
Mathwelt 2 Themenbuch Sem 1.pdf;36;Wirtschaft und Konsum;Stufe 2;Kunde;0;0;0;1;1;0.1
Mathwelt 2 Themenbuch Sem 1.pdf;36;Wirtschaft und Konsum;Stufe 1;Tausch;0;0;0;1;1;0.1
Mathwelt 2 Themenbuch Sem 1.pdf;37;Geschlechter und Gleichstellung;Stufe 3;Aufgaben;1;1;0;0;2;1.75
Mathwelt 2 Themenbuch Sem 1.pdf;37;Geschlechter und Gleichstellung;Stufe 1;gleich;1;0;0;0;1;1
Mathwelt 2 Themenbuch Sem 1.pdf;37;Politik, Demokratie und Menschenrechte;Stufe 3;Gleichheit;0;1;0;0;1;0.75
Mathwelt 2 Themenbuch Sem 1.pdf;38;Geschlechter und Gleichstellung;Stufe 2;Recht;0;3;1;0;4;2.75
Mathwelt 2 Themenbuch Sem 1.pdf;38;Natürliche Umwelt und Ressourcen;Stufe 1;Erde;0;0;0;2;2;0.2
Mathwelt 2 Themenbuch Sem 1.pdf;38;Politik, Demokratie und Menschenrechte;Stufe 2;Gesetz;0;0;1;0;1;0.5
Mathwelt 2 Themenbuch Sem 1.pdf;38;Politik, Demokratie und Menschenrechte;Stufe 1;Recht;0;3;1;0;4;2.75
Mathwelt 2 Themenbuch Sem 1.pdf;38;Politik, Demokratie und Menschenrechte;Stufe 2;Rechte;0;3;1;0;4;2.75
Mathwelt 2 Themenbuch Sem 1.pdf;38;Wirtschaft und Konsum;Stufe 2;Marke;1;0;2;0;3;2
Mathwelt 2 Themenbuch Sem 1.pdf;39;Kulturelle Identitäten und interkulturelle Verständigung;Stufe 1;Fest;1;0;0;0;1;1
Mathwelt 2 Themenbuch Sem 1.pdf;39;Politik, Demokratie und Menschenrechte;Stufe 1;System;0;0;1;0;1;0.5
Mathwelt 2 Themenbuch Sem 1.pdf;40;Geschlechter und Gleichstellung;Stufe 2;Entscheidung;0;1;0;0;1;0.75
Mathwelt 2 Themenbuch Sem 1.pdf;40;Geschlechter und Gleichstellung;Stufe 1;Mann;0;1;0;0;1;0.75
Mathwelt 2 Themenbuch Sem 1.pdf;40;Kulturelle Identitäten und interkulturelle Verständigung;Stufe 1;Art;0;0;1;0;1;0.5
Mathwelt 2 Themenbuch Sem 1.pdf;40;Politik, Demokratie und Menschenrechte;Stufe 1;Entscheidung;0;1;0;0;1;0.75
Mathwelt 2 Themenbuch Sem 1.pdf;40;Politik, Demokratie und Menschenrechte;Stufe 2;Entscheidung;0;1;0;0;1;0.75
Mathwelt 2 Themenbuch Sem 1.pdf;40;Politik, Demokratie und Menschenrechte;Stufe 3;Mehrheit;0;1;0;0;1;0.75
Mathwelt 2 Themenbuch Sem 1.pdf;40;Politik, Demokratie und Menschenrechte;Stufe 1;Regeln;0;0;1;0;1;0.5
Mathwelt 2 Themenbuch Sem 1.pdf;41;Geschlechter und Gleichstellung;Stufe 2;Recht;0;1;0;0;1;0.75
Mathwelt 2 Themenbuch Sem 1.pdf;41;Kulturelle Identitäten und interkulturelle Verständigung;Stufe 1;Art;0;0;0;5;5;0.5
Mathwelt 2 Themenbuch Sem 1.pdf;41;Natürliche Umwelt und Ressourcen;Stufe 2;Arten;0;0;4;0;4;2
Mathwelt 2 Themenbuch Sem 1.pdf;41;Natürliche Umwelt und Ressourcen;Stufe 1;Erde;0;0;0;1;1;0.1
Mathwelt 2 Themenbuch Sem 1.pdf;41;Politik, Demokratie und Menschenrechte;Stufe 1;Recht;0;1;0;0;1;0.75
Mathwelt 2 Themenbuch Sem 1.pdf;41;Politik, Demokratie und Menschenrechte;Stufe 2;Rechte;0;1;0;0;1;0.75
Mathwelt 2 Themenbuch Sem 1.pdf;42;Geschlechter und Gleichstellung;Stufe 1;Familie;1;0;0;0;1;1
Mathwelt 2 Themenbuch Sem 1.pdf;42;Geschlechter und Gleichstellung;Stufe 2;Familie;1;0;0;0;1;1
Mathwelt 2 Themenbuch Sem 1.pdf;42;Geschlechter und Gleichstellung;Stufe 1;Kind;0;0;0;1;1;0.1
Mathwelt 2 Themenbuch Sem 1.pdf;42;Geschlechter und Gleichstellung;Stufe 1;Person;0;0;4;0;4;2
Mathwelt 2 Themenbuch Sem 1.pdf;42;Geschlechter und Gleichstellung;Stufe 1;gleich;0;0;0;1;1;0.1
Mathwelt 2 Themenbuch Sem 1.pdf;42;Kulturelle Identitäten und interkulturelle Verständigung;Stufe 1;Art;0;0;1;0;1;0.5
Mathwelt 2 Themenbuch Sem 1.pdf;42;Kulturelle Identitäten und interkulturelle Verständigung;Stufe 1;Familie;1;0;0;0;1;1
Mathwelt 2 Themenbuch Sem 1.pdf;42;Natürliche Umwelt und Ressourcen;Stufe 1;Erde;0;0;0;2;2;0.2
Mathwelt 2 Themenbuch Sem 1.pdf;42;Politik, Demokratie und Menschenrechte;Stufe 3;Gleichheit;0;0;0;1;1;0.1
Mathwelt 2 Themenbuch Sem 1.pdf;42;Wirtschaft und Konsum;Stufe 1;Kauf;0;0;1;3;4;0.8
Mathwelt 2 Themenbuch Sem 1.pdf;42;Wirtschaft und Konsum;Stufe 2;Kosten;1;0;2;0;3;2
Mathwelt 2 Themenbuch Sem 1.pdf;42;Wirtschaft und Konsum;Stufe 1;Tausch;0;0;2;0;2;1
Mathwelt 2 Themenbuch Sem 1.pdf;42;Wirtschaft und Konsum;Stufe 1;Verkauf;0;0;2;2;4;1.2
Mathwelt 2 Themenbuch Sem 1.pdf;42;Wirtschaft und Konsum;Stufe 2;Verkauf;0;0;2;2;4;1.2
Mathwelt 2 Themenbuch Sem 1.pdf;43;Geschlechter und Gleichstellung;Stufe 2;Bildung;0;0;0;1;1;0.1
Mathwelt 2 Themenbuch Sem 1.pdf;43;Geschlechter und Gleichstellung;Stufe 1;Gruppe;0;0;1;0;1;0.5
Mathwelt 2 Themenbuch Sem 1.pdf;43;Globale Entwicklung und Frieden;Stufe 3;Bildung;0;0;0;1;1;0.1
Mathwelt 2 Themenbuch Sem 1.pdf;43;Globale Entwicklung und Frieden;Stufe 1;Gruppe;0;0;1;0;1;0.5
Mathwelt 2 Themenbuch Sem 1.pdf;43;Kulturelle Identitäten und interkulturelle Verständigung;Stufe 1;Art;0;0;1;0;1;0.5
Mathwelt 2 Themenbuch Sem 1.pdf;43;Kulturelle Identitäten und interkulturelle Verständigung;Stufe 1;Gruppe;0;0;1;0;1;0.5
Mathwelt 2 Themenbuch Sem 1.pdf;43;Kulturelle Identitäten und interkulturelle Verständigung;Stufe 1;Kunst;0;0;1;1;2;0.6
Mathwelt 2 Themenbuch Sem 1.pdf;43;Kulturelle Identitäten und interkulturelle Verständigung;Stufe 1;Wohnen;0;0;1;0;1;0.5
Mathwelt 2 Themenbuch Sem 1.pdf;43;Natürliche Umwelt und Ressourcen;Stufe 1;Erde;0;0;0;2;2;0.2
Mathwelt 2 Themenbuch Sem 1.pdf;43;Natürliche Umwelt und Ressourcen;Stufe 1;Wetter;0;0;0;1;1;0.1
Mathwelt 2 Themenbuch Sem 1.pdf;43;Politik, Demokratie und Menschenrechte;Stufe 1;Gruppe;0;0;1;0;1;0.5
Mathwelt 2 Themenbuch Sem 1.pdf;43;Politik, Demokratie und Menschenrechte;Stufe 3;Mehrheit;0;1;0;0;1;0.75
Mathwelt 2 Themenbuch Sem 1.pdf;43;Politik, Demokratie und Menschenrechte;Stufe 1;Ordnung;0;0;2;0;2;1.1
Mathwelt 2 Themenbuch Sem 1.pdf;43;Wirtschaft und Konsum;Stufe 1;Geld;0;0;6;0;6;3
Mathwelt 2 Themenbuch Sem 1.pdf;43;Wirtschaft und Konsum;Stufe 2;Kosten;1;0;0;0;1;1
Mathwelt 2 Themenbuch Sem 1.pdf;43;Wirtschaft und Konsum;Stufe 1;Preis;1;0;3;0;4;2.5
Mathwelt 2 Themenbuch Sem 1.pdf;43;Wirtschaft und Konsum;Stufe 2;Preis;1;0;3;0;4;2.5
Mathwelt 2 Themenbuch Sem 1.pdf;44;Geschlechter und Gleichstellung;Stufe 3;Aufgaben;0;0;1;0;1;0.5
Mathwelt 2 Themenbuch Sem 1.pdf;44;Geschlechter und Gleichstellung;Stufe 1;gleich;0;0;0;2;2;0.2
Mathwelt 2 Themenbuch Sem 1.pdf;44;Politik, Demokratie und Menschenrechte;Stufe 3;Gleichheit;0;0;2;0;2;1.2
Mathwelt 2 Themenbuch Sem 1.pdf;44;Politik, Demokratie und Menschenrechte;Stufe 1;Ordnung;0;0;1;0;1;0.5
Mathwelt 2 Themenbuch Sem 1.pdf;44;Wirtschaft und Konsum;Stufe 2;Einkauf;0;0;0;1;1;0.1
Mathwelt 2 Themenbuch Sem 1.pdf;44;Wirtschaft und Konsum;Stufe 1;Geld;1;0;1;0;2;1.5
Mathwelt 2 Themenbuch Sem 1.pdf;44;Wirtschaft und Konsum;Stufe 1;Kauf;0;0;0;1;1;0.1
Mathwelt 2 Themenbuch Sem 1.pdf;44;Wirtschaft und Konsum;Stufe 2;Kosten;2;0;0;0;2;2
Mathwelt 2 Themenbuch Sem 1.pdf;44;Wirtschaft und Konsum;Stufe 1;Preis;0;0;1;0;1;0.5
Mathwelt 2 Themenbuch Sem 1.pdf;44;Wirtschaft und Konsum;Stufe 2;Preis;0;0;1;0;1;0.5
Mathwelt 2 Themenbuch Sem 1.pdf;44;Wirtschaft und Konsum;Stufe 1;Tausch;0;0;1;0;1;0.5
Mathwelt 2 Themenbuch Sem 1.pdf;44;Wirtschaft und Konsum;Stufe 3;Verpackung;5;1;0;1;7;5.85
Mathwelt 2 Themenbuch Sem 1.pdf;45;Geschlechter und Gleichstellung;Stufe 2;Entscheidung;0;0;1;0;1;0.5
Mathwelt 2 Themenbuch Sem 1.pdf;45;Politik, Demokratie und Menschenrechte;Stufe 1;Entscheidung;0;0;1;0;1;0.5
Mathwelt 2 Themenbuch Sem 1.pdf;45;Politik, Demokratie und Menschenrechte;Stufe 2;Entscheidung;0;0;1;0;1;0.5
Mathwelt 2 Themenbuch Sem 1.pdf;45;Politik, Demokratie und Menschenrechte;Stufe 1;Stimme;0;0;0;2;2;0.2
Mathwelt 2 Themenbuch Sem 1.pdf;45;Wirtschaft und Konsum;Stufe 1;Geld;0;0;8;1;9;4.1
Mathwelt 2 Themenbuch Sem 1.pdf;46;Geschlechter und Gleichstellung;Stufe 3;Aufgaben;1;1;0;0;2;1.75
Mathwelt 2 Themenbuch Sem 1.pdf;46;Geschlechter und Gleichstellung;Stufe 2;Bildung;0;2;0;1;3;1.6
Mathwelt 2 Themenbuch Sem 1.pdf;46;Globale Entwicklung und Frieden;Stufe 3;Bildung;0;2;0;1;3;1.6
Mathwelt 2 Themenbuch Sem 1.pdf;46;Kulturelle Identitäten und interkulturelle Verständigung;Stufe 2;Werte;0;0;0;1;1;0.1
Mathwelt 2 Themenbuch Sem 1.pdf;46;Natürliche Umwelt und Ressourcen;Stufe 1;Erde;0;0;0;1;1;0.1
Mathwelt 2 Themenbuch Sem 1.pdf;46;Politik, Demokratie und Menschenrechte;Stufe 1;Wert;0;0;0;1;1;0.1
Mathwelt 2 Themenbuch Sem 1.pdf;46;Wirtschaft und Konsum;Stufe 2;Einkauf;0;0;1;0;1;0.5
Mathwelt 2 Themenbuch Sem 1.pdf;46;Wirtschaft und Konsum;Stufe 1;Geld;0;0;6;0;6;3
Mathwelt 2 Themenbuch Sem 1.pdf;46;Wirtschaft und Konsum;Stufe 1;Kauf;0;0;1;1;2;0.6
Mathwelt 2 Themenbuch Sem 1.pdf;47;Wirtschaft und Konsum;Stufe 1;Kauf;0;0;0;2;2;0.2
Mathwelt 2 Themenbuch Sem 1.pdf;47;Wirtschaft und Konsum;Stufe 1;Leistung;0;0;0;3;3;0.3
Mathwelt 2 Themenbuch Sem 1.pdf;47;Wirtschaft und Konsum;Stufe 1;Preis;0;0;4;0;4;2
Mathwelt 2 Themenbuch Sem 1.pdf;47;Wirtschaft und Konsum;Stufe 2;Preis;0;0;4;0;4;2
Mathwelt 2 Themenbuch Sem 1.pdf;48;Kulturelle Identitäten und interkulturelle Verständigung;Stufe 1;Art;0;0;5;0;5;2.5
Mathwelt 2 Themenbuch Sem 1.pdf;48;Natürliche Umwelt und Ressourcen;Stufe 1;Erde;0;0;0;4;4;0.4
Mathwelt 2 Themenbuch Sem 1.pdf;48;Natürliche Umwelt und Ressourcen;Stufe 1;Tier;0;0;0;4;4;0.4
Mathwelt 2 Themenbuch Sem 1.pdf;48;Politik, Demokratie und Menschenrechte;Stufe 3;Mehrheit;0;1;1;0;2;1.25
Mathwelt 2 Themenbuch Sem 1.pdf;48;Politik, Demokratie und Menschenrechte;Stufe 1;Stimme;0;1;0;0;1;0.75
Mathwelt 2 Themenbuch Sem 1.pdf;48;Wirtschaft und Konsum;Stufe 2;Einkauf;1;1;0;0;2;1.75
Mathwelt 2 Themenbuch Sem 1.pdf;48;Wirtschaft und Konsum;Stufe 1;Geld;0;0;3;0;3;1.5
Mathwelt 2 Themenbuch Sem 1.pdf;48;Wirtschaft und Konsum;Stufe 1;Kauf;0;0;1;3;4;0.8
Mathwelt 2 Themenbuch Sem 1.pdf;48;Wirtschaft und Konsum;Stufe 2;Kosten;2;0;0;0;2;2
Mathwelt 2 Themenbuch Sem 1.pdf;49;Geschlechter und Gleichstellung;Stufe 2;Bildung;0;0;2;0;2;1.1
Mathwelt 2 Themenbuch Sem 1.pdf;49;Geschlechter und Gleichstellung;Stufe 1;gleich;0;0;0;1;1;0.1
Mathwelt 2 Themenbuch Sem 1.pdf;49;Globale Entwicklung und Frieden;Stufe 3;Bildung;0;0;2;0;2;1.1
Mathwelt 2 Themenbuch Sem 1.pdf;49;Natürliche Umwelt und Ressourcen;Stufe 1;Erde;0;0;0;1;1;0.1
Mathwelt 2 Themenbuch Sem 1.pdf;49;Natürliche Umwelt und Ressourcen;Stufe 1;Tier;0;0;0;1;1;0.1
Mathwelt 2 Themenbuch Sem 1.pdf;49;Politik, Demokratie und Menschenrechte;Stufe 3;Gleichheit;0;0;1;0;1;0.6
Mathwelt 2 Themenbuch Sem 1.pdf;49;Wirtschaft und Konsum;Stufe 1;Kauf;0;0;0;1;1;0.1
Mathwelt 2 Themenbuch Sem 1.pdf;50;Kulturelle Identitäten und interkulturelle Verständigung;Stufe 1;Art;0;0;3;0;3;1.5
Mathwelt 2 Themenbuch Sem 1.pdf;50;Wirtschaft und Konsum;Stufe 1;Geld;2;0;2;0;4;3
Mathwelt 2 Themenbuch Sem 1.pdf;50;Wirtschaft und Konsum;Stufe 1;Kauf;0;1;0;0;1;0.75
Mathwelt 2 Themenbuch Sem 1.pdf;50;Wirtschaft und Konsum;Stufe 2;Kosten;1;0;1;0;2;1.5
Mathwelt 2 Themenbuch Sem 1.pdf;51;Geschlechter und Gleichstellung;Stufe 2;Bildung;0;2;1;1;4;2.1
Mathwelt 2 Themenbuch Sem 1.pdf;51;Globale Entwicklung und Frieden;Stufe 3;Bildung;0;2;1;1;4;2.1
Mathwelt 2 Themenbuch Sem 1.pdf;51;Natürliche Umwelt und Ressourcen;Stufe 1;Erde;0;0;0;1;1;0.1
Mathwelt 2 Themenbuch Sem 1.pdf;51;Natürliche Umwelt und Ressourcen;Stufe 1;Tier;0;0;0;1;1;0.1
Mathwelt 2 Themenbuch Sem 1.pdf;51;Politik, Demokratie und Menschenrechte;Stufe 1;Stimme;0;0;1;0;1;0.5
Mathwelt 2 Themenbuch Sem 1.pdf;51;Wirtschaft und Konsum;Stufe 2;Angebot;0;2;0;0;2;1.5
Mathwelt 2 Themenbuch Sem 1.pdf;51;Wirtschaft und Konsum;Stufe 1;Geld;0;0;4;0;4;2
Mathwelt 2 Themenbuch Sem 1.pdf;51;Wirtschaft und Konsum;Stufe 2;Marke;0;0;1;0;1;0.5
Mathwelt 2 Themenbuch Sem 1.pdf;51;Wirtschaft und Konsum;Stufe 1;Preis;0;0;1;0;1;0.5
Mathwelt 2 Themenbuch Sem 1.pdf;51;Wirtschaft und Konsum;Stufe 2;Preis;0;0;1;0;1;0.5
Mathwelt 2 Themenbuch Sem 1.pdf;52;Geschlechter und Gleichstellung;Stufe 1;Erwachsene;0;0;1;0;1;0.5
Mathwelt 2 Themenbuch Sem 1.pdf;52;Geschlechter und Gleichstellung;Stufe 2;Lohn;0;0;1;0;1;0.5
Mathwelt 2 Themenbuch Sem 1.pdf;52;Geschlechter und Gleichstellung;Stufe 1;gleich;0;0;0;4;4;0.4
Mathwelt 2 Themenbuch Sem 1.pdf;52;Gesundheit;Stufe 1;Rein;0;0;0;1;1;0.1
Mathwelt 2 Themenbuch Sem 1.pdf;52;Kulturelle Identitäten und interkulturelle Verständigung;Stufe 1;Art;0;0;0;2;2;0.2
Mathwelt 2 Themenbuch Sem 1.pdf;52;Kulturelle Identitäten und interkulturelle Verständigung;Stufe 1;Musik;1;0;0;0;1;1
Mathwelt 2 Themenbuch Sem 1.pdf;52;Politik, Demokratie und Menschenrechte;Stufe 3;Gleichheit;0;0;2;2;4;1.4
Mathwelt 2 Themenbuch Sem 1.pdf;52;Wirtschaft und Konsum;Stufe 2;Angebot;0;1;3;0;4;2.25
Mathwelt 2 Themenbuch Sem 1.pdf;52;Wirtschaft und Konsum;Stufe 2;Einkauf;0;0;0;1;1;0.1
Mathwelt 2 Themenbuch Sem 1.pdf;52;Wirtschaft und Konsum;Stufe 1;Geld;0;0;0;1;1;0.1
Mathwelt 2 Themenbuch Sem 1.pdf;52;Wirtschaft und Konsum;Stufe 1;Kauf;0;0;0;2;2;0.2
Mathwelt 2 Themenbuch Sem 1.pdf;52;Wirtschaft und Konsum;Stufe 2;Kosten;0;0;2;0;2;1
Mathwelt 2 Themenbuch Sem 1.pdf;52;Wirtschaft und Konsum;Stufe 1;Lohn;0;0;1;0;1;0.5
Mathwelt 2 Themenbuch Sem 1.pdf;52;Wirtschaft und Konsum;Stufe 1;Preis;0;0;3;1;4;1.6
Mathwelt 2 Themenbuch Sem 1.pdf;52;Wirtschaft und Konsum;Stufe 2;Preis;0;0;3;1;4;1.6
Mathwelt 2 Themenbuch Sem 1.pdf;52;Wirtschaft und Konsum;Stufe 1;Verkauf;0;0;1;0;1;0.5
Mathwelt 2 Themenbuch Sem 1.pdf;52;Wirtschaft und Konsum;Stufe 2;Verkauf;0;0;1;0;1;0.5
Mathwelt 2 Themenbuch Sem 1.pdf;53;Geschlechter und Gleichstellung;Stufe 1;gleich;0;0;0;2;2;0.2
Mathwelt 2 Themenbuch Sem 1.pdf;53;Kulturelle Identitäten und interkulturelle Verständigung;Stufe 1;Fest;1;0;0;0;1;1
Mathwelt 2 Themenbuch Sem 1.pdf;53;Kulturelle Identitäten und interkulturelle Verständigung;Stufe 2;Werte;1;0;0;0;1;1
Mathwelt 2 Themenbuch Sem 1.pdf;53;Politik, Demokratie und Menschenrechte;Stufe 3;Gleichheit;0;0;2;0;2;1.2
Mathwelt 2 Themenbuch Sem 1.pdf;53;Politik, Demokratie und Menschenrechte;Stufe 1;Wert;0;1;0;0;1;0.75
Mathwelt 2 Themenbuch Sem 1.pdf;53;Wirtschaft und Konsum;Stufe 2;Einkauf;1;0;0;0;1;1
Mathwelt 2 Themenbuch Sem 1.pdf;53;Wirtschaft und Konsum;Stufe 1;Kauf;0;0;1;0;1;0.5
Mathwelt 2 Themenbuch Sem 1.pdf;53;Wirtschaft und Konsum;Stufe 1;Preis;0;0;1;0;1;0.5
Mathwelt 2 Themenbuch Sem 1.pdf;53;Wirtschaft und Konsum;Stufe 2;Preis;0;0;1;0;1;0.5
Mathwelt 2 Themenbuch Sem 1.pdf;54;Natürliche Umwelt und Ressourcen;Stufe 2;Stein;0;0;0;5;5;0.5
Mathwelt 2 Themenbuch Sem 1.pdf;54;Wirtschaft und Konsum;Stufe 3;Verpackung;0;0;1;0;1;0.5
Mathwelt 2 Themenbuch Sem 1.pdf;55;Geschlechter und Gleichstellung;Stufe 3;Aufgaben;1;2;0;0;3;2.5
Mathwelt 2 Themenbuch Sem 1.pdf;55;Kulturelle Identitäten und interkulturelle Verständigung;Stufe 1;Art;0;0;0;4;4;0.4
Mathwelt 2 Themenbuch Sem 1.pdf;55;Natürliche Umwelt und Ressourcen;Stufe 1;Tier;0;0;0;1;1;0.1
Mathwelt 2 Themenbuch Sem 1.pdf;55;Politik, Demokratie und Menschenrechte;Stufe 1;Stimme;0;0;0;1;1;0.1
Mathwelt 2 Themenbuch Sem 1.pdf;55;Wirtschaft und Konsum;Stufe 1;Tausch;0;0;1;0;1;0.5
Mathwelt 2 Themenbuch Sem 1.pdf;56;Geschlechter und Gleichstellung;Stufe 3;Aufgaben;0;1;0;0;1;0.75
Mathwelt 2 Themenbuch Sem 1.pdf;56;Geschlechter und Gleichstellung;Stufe 1;gleich;0;1;0;1;2;0.85
Mathwelt 2 Themenbuch Sem 1.pdf;56;Gesundheit;Stufe 1;Rein;0;0;0;2;2;0.2
Mathwelt 2 Themenbuch Sem 1.pdf;56;Kulturelle Identitäten und interkulturelle Verständigung;Stufe 1;Fest;1;0;0;0;1;1
Mathwelt 2 Themenbuch Sem 1.pdf;56;Politik, Demokratie und Menschenrechte;Stufe 3;Gleichheit;0;1;0;1;2;0.85
Mathwelt 2 Themenbuch Sem 1.pdf;56;Politik, Demokratie und Menschenrechte;Stufe 1;Regeln;1;0;0;0;1;1
Mathwelt 2 Themenbuch Sem 1.pdf;56;Wirtschaft und Konsum;Stufe 1;Tausch;0;0;2;0;2;1
Mathwelt 2 Themenbuch Sem 1.pdf;57;Geschlechter und Gleichstellung;Stufe 2;Bildung;0;0;1;0;1;0.5
Mathwelt 2 Themenbuch Sem 1.pdf;57;Globale Entwicklung und Frieden;Stufe 3;Bildung;0;0;1;0;1;0.5
Mathwelt 2 Themenbuch Sem 1.pdf;57;Kulturelle Identitäten und interkulturelle Verständigung;Stufe 1;Art;0;1;0;5;6;1.25
Mathwelt 2 Themenbuch Sem 1.pdf;57;Natürliche Umwelt und Ressourcen;Stufe 2;Arten;1;0;5;0;6;3.5
Mathwelt 2 Themenbuch Sem 1.pdf;58;Geschlechter und Gleichstellung;Stufe 3;Aufgaben;0;2;0;0;2;1.5
Mathwelt 2 Themenbuch Sem 1.pdf;58;Geschlechter und Gleichstellung;Stufe 2;Bildung;0;1;0;0;1;0.75
Mathwelt 2 Themenbuch Sem 1.pdf;58;Globale Entwicklung und Frieden;Stufe 3;Bildung;0;1;0;0;1;0.75
Mathwelt 2 Themenbuch Sem 1.pdf;58;Kulturelle Identitäten und interkulturelle Verständigung;Stufe 1;Art;0;0;0;4;4;0.4
Mathwelt 2 Themenbuch Sem 1.pdf;58;Politik, Demokratie und Menschenrechte;Stufe 1;Stimme;0;0;2;0;2;1
Mathwelt 2 Themenbuch Sem 1.pdf;58;Wirtschaft und Konsum;Stufe 1;Tausch;0;0;1;0;1;0.5
Mathwelt 2 Themenbuch Sem 1.pdf;59;Geschlechter und Gleichstellung;Stufe 2;Bildung;0;0;0;1;1;0.1
Mathwelt 2 Themenbuch Sem 1.pdf;59;Geschlechter und Gleichstellung;Stufe 1;Mann;0;1;0;0;1;0.75
Mathwelt 2 Themenbuch Sem 1.pdf;59;Geschlechter und Gleichstellung;Stufe 1;gleich;0;0;0;1;1;0.1
Mathwelt 2 Themenbuch Sem 1.pdf;59;Globale Entwicklung und Frieden;Stufe 3;Bildung;0;0;0;1;1;0.1
Mathwelt 2 Themenbuch Sem 1.pdf;59;Kulturelle Identitäten und interkulturelle Verständigung;Stufe 1;Art;1;0;0;0;1;1
Mathwelt 2 Themenbuch Sem 1.pdf;59;Natürliche Umwelt und Ressourcen;Stufe 2;Arten;0;1;0;0;1;0.75
Mathwelt 2 Themenbuch Sem 1.pdf;59;Politik, Demokratie und Menschenrechte;Stufe 3;Gleichheit;0;0;0;1;1;0.1
Mathwelt 2 Themenbuch Sem 1.pdf;60;Geschlechter und Gleichstellung;Stufe 2;Bildung;0;1;0;0;1;0.75
Mathwelt 2 Themenbuch Sem 1.pdf;60;Geschlechter und Gleichstellung;Stufe 1;Rolle;0;0;1;0;1;0.5
Mathwelt 2 Themenbuch Sem 1.pdf;60;Geschlechter und Gleichstellung;Stufe 1;gleich;1;0;0;1;2;1.1
Mathwelt 2 Themenbuch Sem 1.pdf;60;Globale Entwicklung und Frieden;Stufe 3;Bildung;0;1;0;0;1;0.75
Mathwelt 2 Themenbuch Sem 1.pdf;60;Politik, Demokratie und Menschenrechte;Stufe 3;Gleichheit;0;1;1;0;2;1.35
Mathwelt 2 Themenbuch Sem 1.pdf;60;Wirtschaft und Konsum;Stufe 1;Geld;0;0;1;0;1;0.5
Mathwelt 2 Themenbuch Sem 1.pdf;60;Wirtschaft und Konsum;Stufe 1;Kauf;0;0;0;1;1;0.1
Mathwelt 2 Themenbuch Sem 1.pdf;60;Wirtschaft und Konsum;Stufe 2;Kosten;5;0;1;0;6;5.5
Mathwelt 2 Themenbuch Sem 1.pdf;61;Geschlechter und Gleichstellung;Stufe 1;Arbeit;0;1;0;0;1;0.75
Mathwelt 2 Themenbuch Sem 1.pdf;61;Geschlechter und Gleichstellung;Stufe 2;Arbeit;0;1;0;0;1;0.75
Mathwelt 2 Themenbuch Sem 1.pdf;61;Natürliche Umwelt und Ressourcen;Stufe 1;Erde;0;0;0;1;1;0.1
Mathwelt 2 Themenbuch Sem 1.pdf;61;Politik, Demokratie und Menschenrechte;Stufe 3;Mehrheit;0;0;1;0;1;0.5
Mathwelt 2 Themenbuch Sem 1.pdf;61;Wirtschaft und Konsum;Stufe 1;Arbeit;0;1;0;0;1;0.75
Mathwelt 2 Themenbuch Sem 1.pdf;62;Geschlechter und Gleichstellung;Stufe 2;Bildung;0;0;2;0;2;1.2
Mathwelt 2 Themenbuch Sem 1.pdf;62;Geschlechter und Gleichstellung;Stufe 2;Recht;0;0;2;0;2;1
Mathwelt 2 Themenbuch Sem 1.pdf;62;Globale Entwicklung und Frieden;Stufe 3;Bildung;0;0;2;0;2;1.2
Mathwelt 2 Themenbuch Sem 1.pdf;62;Globale Entwicklung und Frieden;Stufe 1;Handel;0;0;1;0;1;0.5
Mathwelt 2 Themenbuch Sem 1.pdf;62;Globale Entwicklung und Frieden;Stufe 2;Handel;0;0;1;0;1;0.5
Mathwelt 2 Themenbuch Sem 1.pdf;62;Kulturelle Identitäten und interkulturelle Verständigung;Stufe 1;Art;0;0;0;2;2;0.2
Mathwelt 2 Themenbuch Sem 1.pdf;62;Natürliche Umwelt und Ressourcen;Stufe 2;Arten;0;0;2;0;2;1
Mathwelt 2 Themenbuch Sem 1.pdf;62;Politik, Demokratie und Menschenrechte;Stufe 1;Recht;0;0;2;0;2;1
Mathwelt 2 Themenbuch Sem 1.pdf;62;Politik, Demokratie und Menschenrechte;Stufe 2;Rechte;0;0;2;0;2;1
Mathwelt 2 Themenbuch Sem 1.pdf;62;Politik, Demokratie und Menschenrechte;Stufe 1;Stimme;0;0;1;0;1;0.5
Mathwelt 2 Themenbuch Sem 1.pdf;62;Wirtschaft und Konsum;Stufe 1;Handel;0;0;1;0;1;0.5
Mathwelt 2 Themenbuch Sem 1.pdf;62;Wirtschaft und Konsum;Stufe 2;Handel;0;0;1;0;1;0.5
Mathwelt 2 Themenbuch Sem 1.pdf;63;Geschlechter und Gleichstellung;Stufe 3;Aufgaben;0;1;0;0;1;0.75
Mathwelt 2 Themenbuch Sem 1.pdf;63;Geschlechter und Gleichstellung;Stufe 2;Bildung;0;1;0;0;1;0.75
Mathwelt 2 Themenbuch Sem 1.pdf;63;Geschlechter und Gleichstellung;Stufe 1;gleich;0;0;0;1;1;0.1
Mathwelt 2 Themenbuch Sem 1.pdf;63;Globale Entwicklung und Frieden;Stufe 3;Bildung;0;1;0;0;1;0.75
Mathwelt 2 Themenbuch Sem 1.pdf;63;Politik, Demokratie und Menschenrechte;Stufe 3;Gleichheit;0;0;1;0;1;0.6
Mathwelt 2 Themenbuch Sem 1.pdf;63;Politik, Demokratie und Menschenrechte;Stufe 3;Mehrheit;0;1;0;0;1;0.75
Mathwelt 2 Themenbuch Sem 1.pdf;63;Wirtschaft und Konsum;Stufe 1;Tausch;0;0;0;1;1;0.1
Mathwelt 2 Themenbuch Sem 1.pdf;64;Geschlechter und Gleichstellung;Stufe 3;Aufgaben;0;1;0;0;1;0.75
Mathwelt 2 Themenbuch Sem 1.pdf;64;Geschlechter und Gleichstellung;Stufe 2;Bildung;0;2;1;0;3;2.1
Mathwelt 2 Themenbuch Sem 1.pdf;64;Geschlechter und Gleichstellung;Stufe 1;gleich;1;0;0;0;1;1
Mathwelt 2 Themenbuch Sem 1.pdf;64;Globale Entwicklung und Frieden;Stufe 3;Bildung;0;2;1;0;3;2.1
Mathwelt 2 Themenbuch Sem 1.pdf;64;Kulturelle Identitäten und interkulturelle Verständigung;Stufe 1;Art;0;0;0;4;4;0.4
Mathwelt 2 Themenbuch Sem 1.pdf;64;Kulturelle Identitäten und interkulturelle Verständigung;Stufe 1;Brauch;0;0;1;0;1;0.5
Mathwelt 2 Themenbuch Sem 1.pdf;64;Kulturelle Identitäten und interkulturelle Verständigung;Stufe 1;Fest;1;0;0;0;1;1
Mathwelt 2 Themenbuch Sem 1.pdf;64;Natürliche Umwelt und Ressourcen;Stufe 2;Arten;0;0;4;0;4;2
Mathwelt 2 Themenbuch Sem 1.pdf;64;Politik, Demokratie und Menschenrechte;Stufe 3;Gleichheit;0;1;0;0;1;0.75
Mathwelt 2 Themenbuch Sem 1.pdf;65;Kulturelle Identitäten und interkulturelle Verständigung;Stufe 1;Art;0;0;1;0;1;0.5
Mathwelt 2 Themenbuch Sem 1.pdf;65;Wirtschaft und Konsum;Stufe 2;Marke;0;0;2;0;2;1
Mathwelt 2 Themenbuch Sem 1.pdf;66;Geschlechter und Gleichstellung;Stufe 2;Bildung;0;0;1;0;1;0.5
Mathwelt 2 Themenbuch Sem 1.pdf;66;Globale Entwicklung und Frieden;Stufe 3;Bildung;0;0;1;0;1;0.5
Mathwelt 2 Themenbuch Sem 1.pdf;67;Geschlechter und Gleichstellung;Stufe 3;Aufgaben;0;1;0;0;1;0.75
Mathwelt 2 Themenbuch Sem 1.pdf;67;Natürliche Umwelt und Ressourcen;Stufe 1;Erde;0;0;0;5;5;0.5
Mathwelt 2 Themenbuch Sem 1.pdf;67;Wirtschaft und Konsum;Stufe 2;Marke;0;0;6;2;8;3.2
Mathwelt 2 Themenbuch Sem 1.pdf;68;Geschlechter und Gleichstellung;Stufe 3;Aufgaben;0;1;0;0;1;0.75
Mathwelt 2 Themenbuch Sem 1.pdf;68;Geschlechter und Gleichstellung;Stufe 2;Bildung;0;0;1;0;1;0.5
Mathwelt 2 Themenbuch Sem 1.pdf;68;Globale Entwicklung und Frieden;Stufe 3;Bildung;0;0;1;0;1;0.5
Mathwelt 2 Themenbuch Sem 1.pdf;68;Natürliche Umwelt und Ressourcen;Stufe 1;Erde;0;0;0;1;1;0.1
Mathwelt 2 Themenbuch Sem 1.pdf;68;Natürliche Umwelt und Ressourcen;Stufe 1;Tier;0;0;0;1;1;0.1
Mathwelt 2 Themenbuch Sem 1.pdf;68;Politik, Demokratie und Menschenrechte;Stufe 3;Mehrheit;0;2;0;0;2;1.5
Mathwelt 2 Themenbuch Sem 1.pdf;68;Politik, Demokratie und Menschenrechte;Stufe 1;Regeln;0;0;1;0;1;0.5
Mathwelt 2 Themenbuch Sem 1.pdf;68;Wirtschaft und Konsum;Stufe 2;Marke;0;0;4;0;4;2
Mathwelt 2 Themenbuch Sem 1.pdf;69;Geschlechter und Gleichstellung;Stufe 2;Bildung;0;0;1;0;1;0.5
Mathwelt 2 Themenbuch Sem 1.pdf;69;Globale Entwicklung und Frieden;Stufe 3;Bildung;0;0;1;0;1;0.5
Mathwelt 2 Themenbuch Sem 1.pdf;69;Globale Entwicklung und Frieden;Stufe 1;Land;0;0;1;0;1;0.5
Mathwelt 2 Themenbuch Sem 1.pdf;69;Kulturelle Identitäten und interkulturelle Verständigung;Stufe 1;Art;0;0;2;0;2;1
Mathwelt 2 Themenbuch Sem 1.pdf;69;Natürliche Umwelt und Ressourcen;Stufe 1;Erde;0;0;0;1;1;0.1
Mathwelt 2 Themenbuch Sem 1.pdf;69;Natürliche Umwelt und Ressourcen;Stufe 2;Landschaft;0;0;1;0;1;0.5
Mathwelt 2 Themenbuch Sem 1.pdf;69;Natürliche Umwelt und Ressourcen;Stufe 2;Material;0;0;1;0;1;0.5
Mathwelt 2 Themenbuch Sem 1.pdf;69;Politik, Demokratie und Menschenrechte;Stufe 3;Mehrheit;0;0;1;0;1;0.5
Mathwelt 2 Themenbuch Sem 1.pdf;70;Geschlechter und Gleichstellung;Stufe 2;Bildung;0;0;0;1;1;0.1
Mathwelt 2 Themenbuch Sem 1.pdf;70;Geschlechter und Gleichstellung;Stufe 2;Recht;0;0;2;0;2;1
Mathwelt 2 Themenbuch Sem 1.pdf;70;Globale Entwicklung und Frieden;Stufe 3;Bildung;0;0;0;1;1;0.1
Mathwelt 2 Themenbuch Sem 1.pdf;70;Kulturelle Identitäten und interkulturelle Verständigung;Stufe 1;Art;0;0;1;0;1;0.5
Mathwelt 2 Themenbuch Sem 1.pdf;70;Natürliche Umwelt und Ressourcen;Stufe 1;Erde;0;0;0;1;1;0.1
Mathwelt 2 Themenbuch Sem 1.pdf;70;Natürliche Umwelt und Ressourcen;Stufe 1;Tier;0;0;0;1;1;0.1
Mathwelt 2 Themenbuch Sem 1.pdf;70;Politik, Demokratie und Menschenrechte;Stufe 1;Ordnung;0;0;0;1;1;0.1
Mathwelt 2 Themenbuch Sem 1.pdf;70;Politik, Demokratie und Menschenrechte;Stufe 1;Recht;0;0;2;0;2;1
Mathwelt 2 Themenbuch Sem 1.pdf;70;Politik, Demokratie und Menschenrechte;Stufe 2;Rechte;0;0;2;0;2;1
Mathwelt 2 Themenbuch Sem 1.pdf;70;Wirtschaft und Konsum;Stufe 2;Marke;0;0;1;0;1;0.5
Mathwelt 2 Themenbuch Sem 1.pdf;71;Geschlechter und Gleichstellung;Stufe 3;Aufgaben;0;1;0;0;1;0.75
Mathwelt 2 Themenbuch Sem 1.pdf;71;Wirtschaft und Konsum;Stufe 2;Marke;0;0;1;0;1;0.5
Mathwelt 2 Themenbuch Sem 1.pdf;72;Geschlechter und Gleichstellung;Stufe 2;Recht;0;0;2;0;2;1
Mathwelt 2 Themenbuch Sem 1.pdf;72;Geschlechter und Gleichstellung;Stufe 1;gleich;0;0;0;2;2;0.2
Mathwelt 2 Themenbuch Sem 1.pdf;72;Politik, Demokratie und Menschenrechte;Stufe 3;Gleichheit;0;0;2;0;2;1.2
Mathwelt 2 Themenbuch Sem 1.pdf;72;Politik, Demokratie und Menschenrechte;Stufe 1;Recht;0;0;2;0;2;1
Mathwelt 2 Themenbuch Sem 1.pdf;72;Politik, Demokratie und Menschenrechte;Stufe 2;Rechte;0;0;2;0;2;1
Mathwelt 2 Themenbuch Sem 1.pdf;73;Geschlechter und Gleichstellung;Stufe 3;Aufgaben;0;1;0;0;1;0.75
Mathwelt 2 Themenbuch Sem 1.pdf;73;Geschlechter und Gleichstellung;Stufe 1;Person;1;0;1;0;2;1.5
Mathwelt 2 Themenbuch Sem 1.pdf;73;Geschlechter und Gleichstellung;Stufe 1;gleich;0;0;1;0;1;0.5
Mathwelt 2 Themenbuch Sem 1.pdf;73;Kulturelle Identitäten und interkulturelle Verständigung;Stufe 2;Begegnung;0;1;0;0;1;0.75
Mathwelt 2 Themenbuch Sem 1.pdf;73;Natürliche Umwelt und Ressourcen;Stufe 2;Stein;0;0;4;0;4;2
Mathwelt 2 Themenbuch Sem 1.pdf;73;Politik, Demokratie und Menschenrechte;Stufe 3;Gleichheit;0;0;1;0;1;0.5
Mathwelt 2 Themenbuch Sem 1.pdf;75;Geschlechter und Gleichstellung;Stufe 2;Bildung;0;0;1;0;1;0.5
Mathwelt 2 Themenbuch Sem 1.pdf;75;Geschlechter und Gleichstellung;Stufe 1;Mann;0;2;0;0;2;1.5
Mathwelt 2 Themenbuch Sem 1.pdf;75;Geschlechter und Gleichstellung;Stufe 1;Person;2;0;3;0;5;3.5
Mathwelt 2 Themenbuch Sem 1.pdf;75;Globale Entwicklung und Frieden;Stufe 3;Bildung;0;0;1;0;1;0.5
Mathwelt 2 Themenbuch Sem 1.pdf;75;Globale Entwicklung und Frieden;Stufe 1;Land;0;0;1;0;1;0.5
Mathwelt 2 Themenbuch Sem 1.pdf;75;Kulturelle Identitäten und interkulturelle Verständigung;Stufe 1;Wohnen;0;0;1;0;1;0.5
Mathwelt 2 Themenbuch Sem 1.pdf;75;Natürliche Umwelt und Ressourcen;Stufe 2;Landschaft;0;0;1;0;1;0.5
Mathwelt 2 Themenbuch Sem 1.pdf;75;Natürliche Umwelt und Ressourcen;Stufe 2;Stein;0;0;4;2;6;2.2
Mathwelt 2 Themenbuch Sem 1.pdf;75;Politik, Demokratie und Menschenrechte;Stufe 1;Macht;1;0;0;0;1;1
Mathwelt 2 Themenbuch Sem 1.pdf;76;Natürliche Umwelt und Ressourcen;Stufe 1;Tier;0;0;0;1;1;0.1
Mathwelt 2 Themenbuch Sem 1.pdf;76;Politik, Demokratie und Menschenrechte;Stufe 1;Stimme;0;0;1;0;1;0.5
Mathwelt 2 Themenbuch Sem 1.pdf;76;Wirtschaft und Konsum;Stufe 1;Produkt;1;0;0;0;1;1
Mathwelt 2 Themenbuch Sem 1.pdf;76;Wirtschaft und Konsum;Stufe 2;Produktion;0;0;1;0;1;0.5
Mathwelt 2 Themenbuch Sem 1.pdf;76;Wirtschaft und Konsum;Stufe 3;Produktion;0;0;1;0;1;0.5
Mathwelt 2 Themenbuch Sem 1.pdf;77;Geschlechter und Gleichstellung;Stufe 2;Bildung;0;0;1;0;1;0.6
Mathwelt 2 Themenbuch Sem 1.pdf;77;Globale Entwicklung und Frieden;Stufe 3;Bildung;0;0;1;0;1;0.6
Mathwelt 2 Themenbuch Sem 1.pdf;77;Politik, Demokratie und Menschenrechte;Stufe 1;Stimme;0;0;1;0;1;0.5
Mathwelt 2 Themenbuch Sem 1.pdf;77;Wirtschaft und Konsum;Stufe 1;Produkt;0;1;0;0;1;0.75
Mathwelt 2 Themenbuch Sem 1.pdf;77;Wirtschaft und Konsum;Stufe 2;Produktion;0;0;1;0;1;0.5
Mathwelt 2 Themenbuch Sem 1.pdf;77;Wirtschaft und Konsum;Stufe 3;Produktion;0;0;1;0;1;0.5
Mathwelt 2 Themenbuch Sem 1.pdf;79;Gesundheit;Stufe 1;Bewegung;0;0;1;0;1;0.5
Mathwelt 2 Themenbuch Sem 1.pdf;79;Gesundheit;Stufe 2;Bewegung;0;0;1;0;1;0.5
Mathwelt 2 Themenbuch Sem 1.pdf;79;Gesundheit;Stufe 1;Essen;0;0;0;1;1;0.1
Mathwelt 2 Themenbuch Sem 1.pdf;79;Kulturelle Identitäten und interkulturelle Verständigung;Stufe 1;Essen;0;0;0;1;1;0.1
Mathwelt 2 Themenbuch Sem 1.pdf;79;Natürliche Umwelt und Ressourcen;Stufe 1;Erde;1;0;0;0;1;1
Mathwelt 2 Themenbuch Sem 1.pdf;79;Politik, Demokratie und Menschenrechte;Stufe 1;Ordnung;0;1;0;0;1;0.75
Mathwelt 2 Themenbuch Sem 1.pdf;80;Geschlechter und Gleichstellung;Stufe 1;Mann;0;1;0;0;1;0.75
Mathwelt 2 Themenbuch Sem 1.pdf;80;Gesundheit;Stufe 1;Sport;0;0;4;0;4;2
Mathwelt 2 Themenbuch Sem 1.pdf;81;Geschlechter und Gleichstellung;Stufe 2;Bildung;0;0;1;0;1;0.5
Mathwelt 2 Themenbuch Sem 1.pdf;81;Geschlechter und Gleichstellung;Stufe 1;Person;0;0;1;0;1;0.5
Mathwelt 2 Themenbuch Sem 1.pdf;81;Gesundheit;Stufe 1;Sport;0;0;1;0;1;0.5
Mathwelt 2 Themenbuch Sem 1.pdf;81;Globale Entwicklung und Frieden;Stufe 3;Bildung;0;0;1;0;1;0.5
Mathwelt 2 Themenbuch Sem 1.pdf;82;Geschlechter und Gleichstellung;Stufe 3;Unterschied;0;0;1;0;1;0.5
Mathwelt 2 Themenbuch Sem 1.pdf;82;Gesundheit;Stufe 1;Körper;0;0;1;0;1;0.5
Mathwelt 2 Themenbuch Sem 1.pdf;82;Globale Entwicklung und Frieden;Stufe 1;Handel;0;0;1;0;1;0.5
Mathwelt 2 Themenbuch Sem 1.pdf;82;Globale Entwicklung und Frieden;Stufe 2;Handel;0;0;1;0;1;0.5
Mathwelt 2 Themenbuch Sem 1.pdf;82;Kulturelle Identitäten und interkulturelle Verständigung;Stufe 3;Unterschiede;0;0;1;0;1;0.5
Mathwelt 2 Themenbuch Sem 1.pdf;82;Politik, Demokratie und Menschenrechte;Stufe 3;Mehrheit;0;1;0;0;1;0.75
Mathwelt 2 Themenbuch Sem 1.pdf;82;Wirtschaft und Konsum;Stufe 1;Handel;0;0;1;0;1;0.5
Mathwelt 2 Themenbuch Sem 1.pdf;82;Wirtschaft und Konsum;Stufe 2;Handel;0;0;1;0;1;0.5
Mathwelt 2 Themenbuch Sem 1.pdf;83;Geschlechter und Gleichstellung;Stufe 1;gleich;1;0;0;1;2;1.1
Mathwelt 2 Themenbuch Sem 1.pdf;83;Gesundheit;Stufe 1;Rein;0;0;1;0;1;0.5
Mathwelt 2 Themenbuch Sem 1.pdf;83;Natürliche Umwelt und Ressourcen;Stufe 1;Tier;0;0;0;1;1;0.1
Mathwelt 2 Themenbuch Sem 1.pdf;83;Politik, Demokratie und Menschenrechte;Stufe 3;Gleichheit;0;1;1;0;2;1.35
Mathwelt 2 Themenbuch Sem 1.pdf;83;Politik, Demokratie und Menschenrechte;Stufe 1;Stimme;0;1;0;0;1;0.75
Mathwelt 2 Themenbuch Sem 1.pdf;83;Wirtschaft und Konsum;Stufe 1;Leistung;0;0;0;2;2;0.2
Mathwelt 2 Themenbuch Sem 1.pdf;84;Gesundheit;Stufe 1;Alter;0;2;0;0;2;1.5
Mathwelt 2 Themenbuch Sem 1.pdf;85;Geschlechter und Gleichstellung;Stufe 1;Arbeit;0;0;0;1;1;0.1
Mathwelt 2 Themenbuch Sem 1.pdf;85;Geschlechter und Gleichstellung;Stufe 2;Arbeit;0;0;0;1;1;0.1
Mathwelt 2 Themenbuch Sem 1.pdf;85;Geschlechter und Gleichstellung;Stufe 3;Aufgaben;0;1;0;0;1;0.75
Mathwelt 2 Themenbuch Sem 1.pdf;85;Geschlechter und Gleichstellung;Stufe 2;Bildung;0;1;0;1;2;0.85
Mathwelt 2 Themenbuch Sem 1.pdf;85;Geschlechter und Gleichstellung;Stufe 2;Recht;0;0;4;0;4;2
Mathwelt 2 Themenbuch Sem 1.pdf;85;Globale Entwicklung und Frieden;Stufe 3;Bildung;0;1;0;1;2;0.85
Mathwelt 2 Themenbuch Sem 1.pdf;85;Kulturelle Identitäten und interkulturelle Verständigung;Stufe 1;Brauch;0;0;1;0;1;0.5
Mathwelt 2 Themenbuch Sem 1.pdf;85;Kulturelle Identitäten und interkulturelle Verständigung;Stufe 1;Fest;1;0;0;0;1;1
Mathwelt 2 Themenbuch Sem 1.pdf;85;Politik, Demokratie und Menschenrechte;Stufe 1;Recht;0;0;4;0;4;2
Mathwelt 2 Themenbuch Sem 1.pdf;85;Politik, Demokratie und Menschenrechte;Stufe 2;Rechte;0;0;4;0;4;2
Mathwelt 2 Themenbuch Sem 1.pdf;85;Wirtschaft und Konsum;Stufe 1;Arbeit;0;0;0;1;1;0.1
Mathwelt 2 Themenbuch Sem 1.pdf;85;Wirtschaft und Konsum;Stufe 2;Hersteller;0;2;0;0;2;1.5
Mathwelt 2 Themenbuch Sem 1.pdf;86;Geschlechter und Gleichstellung;Stufe 3;Aufgaben;0;1;0;0;1;0.75
Mathwelt 2 Themenbuch Sem 1.pdf;86;Geschlechter und Gleichstellung;Stufe 2;Recht;0;0;3;0;3;1.5
Mathwelt 2 Themenbuch Sem 1.pdf;86;Geschlechter und Gleichstellung;Stufe 1;gleich;1;0;0;1;2;1.1
Mathwelt 2 Themenbuch Sem 1.pdf;86;Globale Entwicklung und Frieden;Stufe 1;Handel;0;1;1;0;2;1.25
Mathwelt 2 Themenbuch Sem 1.pdf;86;Globale Entwicklung und Frieden;Stufe 2;Handel;0;1;1;0;2;1.25
Mathwelt 2 Themenbuch Sem 1.pdf;86;Globale Entwicklung und Frieden;Stufe 1;Welt;0;0;1;0;1;0.5
Mathwelt 2 Themenbuch Sem 1.pdf;86;Natürliche Umwelt und Ressourcen;Stufe 1;Boden;0;0;1;0;1;0.5
Mathwelt 2 Themenbuch Sem 1.pdf;86;Natürliche Umwelt und Ressourcen;Stufe 2;Boden;0;0;1;0;1;0.5
Mathwelt 2 Themenbuch Sem 1.pdf;86;Politik, Demokratie und Menschenrechte;Stufe 3;Gleichheit;0;1;1;0;2;1.35
Mathwelt 2 Themenbuch Sem 1.pdf;86;Politik, Demokratie und Menschenrechte;Stufe 1;Recht;0;0;3;0;3;1.5
Mathwelt 2 Themenbuch Sem 1.pdf;86;Politik, Demokratie und Menschenrechte;Stufe 2;Rechte;0;0;3;0;3;1.5
Mathwelt 2 Themenbuch Sem 1.pdf;86;Wirtschaft und Konsum;Stufe 1;Handel;0;1;1;0;2;1.25
Mathwelt 2 Themenbuch Sem 1.pdf;86;Wirtschaft und Konsum;Stufe 2;Handel;0;1;1;0;2;1.25
Mathwelt 2 Themenbuch Sem 1.pdf;87;Geschlechter und Gleichstellung;Stufe 2;Recht;0;0;6;0;6;3
Mathwelt 2 Themenbuch Sem 1.pdf;87;Geschlechter und Gleichstellung;Stufe 1;gleich;0;1;0;0;1;0.75
Mathwelt 2 Themenbuch Sem 1.pdf;87;Politik, Demokratie und Menschenrechte;Stufe 3;Gleichheit;0;1;0;0;1;0.75
Mathwelt 2 Themenbuch Sem 1.pdf;87;Politik, Demokratie und Menschenrechte;Stufe 1;Recht;0;0;6;0;6;3
Mathwelt 2 Themenbuch Sem 1.pdf;87;Politik, Demokratie und Menschenrechte;Stufe 2;Rechte;0;0;6;0;6;3
Mathwelt 2 Themenbuch Sem 1.pdf;88;Geschlechter und Gleichstellung;Stufe 1;gleich;0;1;0;0;1;0.75
Mathwelt 2 Themenbuch Sem 1.pdf;88;Politik, Demokratie und Menschenrechte;Stufe 3;Gleichheit;0;1;0;0;1;0.75
Mathwelt 2 Themenbuch Sem 1.pdf;88;Politik, Demokratie und Menschenrechte;Stufe 1;Stimme;0;0;0;2;2;0.2
Mathwelt 2 Themenbuch Sem 1.pdf;89;Geschlechter und Gleichstellung;Stufe 3;Aufgaben;0;1;0;0;1;0.75
Mathwelt 2 Themenbuch Sem 1.pdf;89;Geschlechter und Gleichstellung;Stufe 2;Bildung;0;1;0;0;1;0.75
Mathwelt 2 Themenbuch Sem 1.pdf;89;Globale Entwicklung und Frieden;Stufe 3;Bildung;0;1;0;0;1;0.75
Mathwelt 2 Themenbuch Sem 1.pdf;89;Kulturelle Identitäten und interkulturelle Verständigung;Stufe 1;Art;0;1;0;0;1;0.75
Mathwelt 2 Themenbuch Sem 1.pdf;89;Natürliche Umwelt und Ressourcen;Stufe 2;Arten;1;0;0;0;1;1
Mathwelt 2 Themenbuch Sem 1.pdf;89;Politik, Demokratie und Menschenrechte;Stufe 2;Gesetz;0;0;0;2;2;0.2
Mathwelt 2 Themenbuch Sem 1.pdf;89;Politik, Demokratie und Menschenrechte;Stufe 1;Stimme;0;0;1;1;2;0.6
Mathwelt 2 Themenbuch Sem 1.pdf;90;Geschlechter und Gleichstellung;Stufe 2;Bildung;0;0;1;0;1;0.5
Mathwelt 2 Themenbuch Sem 1.pdf;90;Globale Entwicklung und Frieden;Stufe 3;Bildung;0;0;1;0;1;0.5
Mathwelt 2 Themenbuch Sem 1.pdf;90;Politik, Demokratie und Menschenrechte;Stufe 1;Regeln;0;0;2;0;2;1
Mathwelt 2 Themenbuch Sem 1.pdf;91;Geschlechter und Gleichstellung;Stufe 1;Arbeit;0;0;1;0;1;0.5
Mathwelt 2 Themenbuch Sem 1.pdf;91;Geschlechter und Gleichstellung;Stufe 2;Arbeit;0;0;1;0;1;0.5
Mathwelt 2 Themenbuch Sem 1.pdf;91;Geschlechter und Gleichstellung;Stufe 3;Aufgaben;0;1;0;0;1;0.75
Mathwelt 2 Themenbuch Sem 1.pdf;91;Kulturelle Identitäten und interkulturelle Verständigung;Stufe 1;Art;0;0;0;2;2;0.2
Mathwelt 2 Themenbuch Sem 1.pdf;91;Natürliche Umwelt und Ressourcen;Stufe 2;Arten;0;0;2;0;2;1
Mathwelt 2 Themenbuch Sem 1.pdf;91;Natürliche Umwelt und Ressourcen;Stufe 2;Stein;0;0;5;0;5;2.5
Mathwelt 2 Themenbuch Sem 1.pdf;91;Politik, Demokratie und Menschenrechte;Stufe 1;Stimme;0;0;1;0;1;0.5
Mathwelt 2 Themenbuch Sem 1.pdf;91;Wirtschaft und Konsum;Stufe 1;Arbeit;0;0;1;0;1;0.5
Mathwelt 2 Themenbuch Sem 1.pdf;92;Geschlechter und Gleichstellung;Stufe 1;gleich;0;0;0;2;2;0.2
Mathwelt 2 Themenbuch Sem 1.pdf;92;Kulturelle Identitäten und interkulturelle Verständigung;Stufe 1;Art;0;0;0;5;5;0.5
Mathwelt 2 Themenbuch Sem 1.pdf;92;Natürliche Umwelt und Ressourcen;Stufe 2;Arten;0;0;4;1;5;2.1
Mathwelt 2 Themenbuch Sem 1.pdf;92;Natürliche Umwelt und Ressourcen;Stufe 2;Material;0;0;1;0;1;0.5
Mathwelt 2 Themenbuch Sem 1.pdf;92;Politik, Demokratie und Menschenrechte;Stufe 3;Gleichheit;0;0;0;2;2;0.2
Mathwelt 2 Themenbuch Sem 1.pdf;93;Geschlechter und Gleichstellung;Stufe 1;Mann;0;2;0;0;2;1.5
Mathwelt 2 Themenbuch Sem 1.pdf;93;Kulturelle Identitäten und interkulturelle Verständigung;Stufe 1;Art;2;0;0;0;2;2
Mathwelt 2 Themenbuch Sem 1.pdf;93;Natürliche Umwelt und Ressourcen;Stufe 2;Arten;0;2;0;0;2;1.5
Mathwelt 2 Themenbuch Sem 1.pdf;94;Geschlechter und Gleichstellung;Stufe 2;Bildung;0;2;1;0;3;2.1
Mathwelt 2 Themenbuch Sem 1.pdf;94;Geschlechter und Gleichstellung;Stufe 1;gleich;2;3;0;0;5;4.25
Mathwelt 2 Themenbuch Sem 1.pdf;94;Globale Entwicklung und Frieden;Stufe 3;Bildung;0;2;1;0;3;2.1
Mathwelt 2 Themenbuch Sem 1.pdf;94;Politik, Demokratie und Menschenrechte;Stufe 3;Gleichheit;0;5;0;0;5;3.75
Mathwelt 2 Themenbuch Sem 1.pdf;95;Geschlechter und Gleichstellung;Stufe 1;Mann;0;2;0;0;2;1.5
Mathwelt 2 Themenbuch Sem 1.pdf;96;Geschlechter und Gleichstellung;Stufe 1;Frau;0;0;0;2;2;0.2
Mathwelt 2 Themenbuch Sem 1.pdf;96;Globale Entwicklung und Frieden;Stufe 1;Gemeinschaft;0;0;0;1;1;0.1
Mathwelt 2 Themenbuch Sem 1.pdf;96;Kulturelle Identitäten und interkulturelle Verständigung;Stufe 2;Gemeinschaft;0;0;0;1;1;0.1
Mathwelt 2 Themenbuch Sem 1.pdf;96;Kulturelle Identitäten und interkulturelle Verständigung;Stufe 1;Wohnen;0;0;0;1;1;0.1
Mathwelt 2 Themenbuch Sem 1.pdf;97;Geschlechter und Gleichstellung;Stufe 1;Frau;0;0;0;1;1;0.1
Mathwelt 2 Themenbuch Sem 1.pdf;97;Geschlechter und Gleichstellung;Stufe 1;Person;0;0;2;0;2;1
Mathwelt 2 Themenbuch Sem 1.pdf;97;Globale Entwicklung und Frieden;Stufe 3;Bevölkerung;0;0;1;0;1;0.5
Mathwelt 2 Themenbuch Sem 1.pdf;97;Kulturelle Identitäten und interkulturelle Verständigung;Stufe 1;Wohnen;0;0;2;3;5;1.5
Mathwelt 2 Themenbuch Sem 1.pdf;97;Politik, Demokratie und Menschenrechte;Stufe 3;Mehrheit;0;1;0;0;1;0.75
Mathwelt 2 Themenbuch Sem 1.pdf;98;Geschlechter und Gleichstellung;Stufe 2;Recht;0;0;1;0;1;0.5
Mathwelt 2 Themenbuch Sem 1.pdf;98;Politik, Demokratie und Menschenrechte;Stufe 1;Recht;0;0;1;0;1;0.5
Mathwelt 2 Themenbuch Sem 1.pdf;98;Politik, Demokratie und Menschenrechte;Stufe 2;Rechte;0;0;1;0;1;0.5
Mathwelt 2 Themenbuch Sem 1.pdf;98;Wirtschaft und Konsum;Stufe 1;Tausch;0;0;1;0;1;0.5
Mathwelt 2 Themenbuch Sem 1.pdf;99;Geschlechter und Gleichstellung;Stufe 1;Arbeit;0;0;0;1;1;0.1
Mathwelt 2 Themenbuch Sem 1.pdf;99;Geschlechter und Gleichstellung;Stufe 2;Arbeit;0;0;0;1;1;0.1
Mathwelt 2 Themenbuch Sem 1.pdf;99;Geschlechter und Gleichstellung;Stufe 3;Aufgaben;0;2;0;0;2;1.5
Mathwelt 2 Themenbuch Sem 1.pdf;99;Geschlechter und Gleichstellung;Stufe 1;Mann;0;1;0;0;1;0.75
Mathwelt 2 Themenbuch Sem 1.pdf;99;Geschlechter und Gleichstellung;Stufe 1;Rolle;0;0;0;1;1;0.1
Mathwelt 2 Themenbuch Sem 1.pdf;99;Natürliche Umwelt und Ressourcen;Stufe 1;Tier;0;0;0;3;3;0.3
Mathwelt 2 Themenbuch Sem 1.pdf;99;Wirtschaft und Konsum;Stufe 1;Arbeit;0;0;0;1;1;0.1
Mathwelt 2 Themenbuch Sem 1.pdf;99;Wirtschaft und Konsum;Stufe 2;Marke;2;0;0;0;2;2
Mathwelt 2 Themenbuch Sem 1.pdf;100;Gesundheit;Stufe 2;Ernährung;0;0;1;0;1;0.5
Mathwelt 2 Themenbuch Sem 1.pdf;100;Gesundheit;Stufe 1;Essen;1;0;0;0;1;1
Mathwelt 2 Themenbuch Sem 1.pdf;100;Gesundheit;Stufe 1;Leben;0;0;2;0;2;1
Mathwelt 2 Themenbuch Sem 1.pdf;100;Gesundheit;Stufe 1;Nahrung;1;0;0;0;1;1
Mathwelt 2 Themenbuch Sem 1.pdf;100;Kulturelle Identitäten und interkulturelle Verständigung;Stufe 1;Art;0;0;0;1;1;0.1
Mathwelt 2 Themenbuch Sem 1.pdf;100;Kulturelle Identitäten und interkulturelle Verständigung;Stufe 1;Essen;1;0;0;0;1;1
Mathwelt 2 Themenbuch Sem 1.pdf;100;Kulturelle Identitäten und interkulturelle Verständigung;Stufe 1;Wohnen;0;0;0;1;1;0.1
Mathwelt 2 Themenbuch Sem 1.pdf;100;Natürliche Umwelt und Ressourcen;Stufe 1;Leben;0;0;2;0;2;1
Mathwelt 2 Themenbuch Sem 1.pdf;100;Wirtschaft und Konsum;Stufe 3;Konsum;0;0;1;0;1;0.5
Mathwelt 2 Themenbuch Sem 1.pdf;100;Wirtschaft und Konsum;Stufe 1;Produkt;0;0;0;2;2;0.2
Mathwelt 2 Themenbuch Sem 1.pdf;100;Wirtschaft und Konsum;Stufe 2;Produktion;0;0;0;2;2;0.2
Mathwelt 2 Themenbuch Sem 1.pdf;100;Wirtschaft und Konsum;Stufe 3;Produktion;0;0;0;2;2;0.2
Mathwelt 2 Themenbuch Sem 1.pdf;101;Geschlechter und Gleichstellung;Stufe 3;Aufgaben;0;0;1;0;1;0.5
Mathwelt 2 Themenbuch Sem 1.pdf;101;Geschlechter und Gleichstellung;Stufe 2;Bildung;0;0;0;1;1;0.1
Mathwelt 2 Themenbuch Sem 1.pdf;101;Gesundheit;Stufe 1;Körper;0;0;1;1;2;0.6
Mathwelt 2 Themenbuch Sem 1.pdf;101;Gesundheit;Stufe 1;Nahrung;0;0;0;2;2;0.2
Mathwelt 2 Themenbuch Sem 1.pdf;101;Globale Entwicklung und Frieden;Stufe 3;Bildung;0;0;0;1;1;0.1
Mathwelt 2 Themenbuch Sem 1.pdf;101;Globale Entwicklung und Frieden;Stufe 1;Unterstützung;0;0;1;0;1;0.5
Mathwelt 2 Themenbuch Sem 1.pdf;101;Kulturelle Identitäten und interkulturelle Verständigung;Stufe 1;Art;0;0;0;1;1;0.1
Mathwelt 2 Themenbuch Sem 1.pdf;101;Natürliche Umwelt und Ressourcen;Stufe 2;Energie;2;0;2;3;7;3.3
Mathwelt 2 Themenbuch Sem 1.pdf;102;Geschlechter und Gleichstellung;Stufe 3;Aufgaben;0;1;0;0;1;0.75
Mathwelt 2 Themenbuch Sem 1.pdf;102;Geschlechter und Gleichstellung;Stufe 2;Bildung;0;1;0;0;1;0.75
Mathwelt 2 Themenbuch Sem 1.pdf;102;Geschlechter und Gleichstellung;Stufe 1;Mann;0;2;0;0;2;1.5
Mathwelt 2 Themenbuch Sem 1.pdf;102;Geschlechter und Gleichstellung;Stufe 2;Recht;0;1;7;1;9;4.35
Mathwelt 2 Themenbuch Sem 1.pdf;102;Geschlechter und Gleichstellung;Stufe 1;gleich;1;0;0;0;1;1
Mathwelt 2 Themenbuch Sem 1.pdf;102;Globale Entwicklung und Frieden;Stufe 3;Bildung;0;1;0;0;1;0.75
Mathwelt 2 Themenbuch Sem 1.pdf;102;Politik, Demokratie und Menschenrechte;Stufe 3;Gleichheit;0;1;0;0;1;0.75
Mathwelt 2 Themenbuch Sem 1.pdf;102;Politik, Demokratie und Menschenrechte;Stufe 1;Ordnung;0;0;1;0;1;0.6
Mathwelt 2 Themenbuch Sem 1.pdf;102;Politik, Demokratie und Menschenrechte;Stufe 1;Recht;0;1;7;1;9;4.35
Mathwelt 2 Themenbuch Sem 1.pdf;102;Politik, Demokratie und Menschenrechte;Stufe 2;Rechte;0;1;7;1;9;4.35
Mathwelt 2 Themenbuch Sem 1.pdf;102;Politik, Demokratie und Menschenrechte;Stufe 1;Stimme;0;0;0;2;2;0.2
Mathwelt 2 Themenbuch Sem 1.pdf;103;Geschlechter und Gleichstellung;Stufe 2;Bildung;0;0;0;2;2;0.2
Mathwelt 2 Themenbuch Sem 1.pdf;103;Geschlechter und Gleichstellung;Stufe 1;Mann;0;2;0;0;2;1.5
Mathwelt 2 Themenbuch Sem 1.pdf;103;Geschlechter und Gleichstellung;Stufe 1;gleich;2;3;0;0;5;4.25
Mathwelt 2 Themenbuch Sem 1.pdf;103;Globale Entwicklung und Frieden;Stufe 3;Bildung;0;0;0;2;2;0.2
Mathwelt 2 Themenbuch Sem 1.pdf;103;Politik, Demokratie und Menschenrechte;Stufe 3;Gleichheit;0;5;0;0;5;3.75
Mathwelt 2 Themenbuch Sem 1.pdf;103;Politik, Demokratie und Menschenrechte;Stufe 1;Stimme;0;0;0;3;3;0.3
Mathwelt 2 Themenbuch Sem 1.pdf;104;Geschlechter und Gleichstellung;Stufe 2;Bildung;0;1;0;1;2;0.85
Mathwelt 2 Themenbuch Sem 1.pdf;104;Geschlechter und Gleichstellung;Stufe 1;Mann;0;1;0;0;1;0.75
Mathwelt 2 Themenbuch Sem 1.pdf;104;Geschlechter und Gleichstellung;Stufe 1;gleich;0;0;1;0;1;0.5
Mathwelt 2 Themenbuch Sem 1.pdf;104;Globale Entwicklung und Frieden;Stufe 3;Bildung;0;1;0;1;2;0.85
Mathwelt 2 Themenbuch Sem 1.pdf;104;Globale Entwicklung und Frieden;Stufe 1;Nation;0;0;2;0;2;1
Mathwelt 2 Themenbuch Sem 1.pdf;104;Natürliche Umwelt und Ressourcen;Stufe 1;Erde;0;0;0;1;1;0.1
Mathwelt 2 Themenbuch Sem 1.pdf;104;Natürliche Umwelt und Ressourcen;Stufe 1;Tier;0;0;0;8;8;0.8
Mathwelt 2 Themenbuch Sem 1.pdf;104;Politik, Demokratie und Menschenrechte;Stufe 3;Gleichheit;0;0;1;0;1;0.5
Mathwelt 2 Themenbuch Sem 1.pdf;104;Politik, Demokratie und Menschenrechte;Stufe 1;Stimme;0;0;0;1;1;0.1
Mathwelt 2 Themenbuch Sem 1.pdf;105;Geschlechter und Gleichstellung;Stufe 1;gleich;0;1;0;0;1;0.75
Mathwelt 2 Themenbuch Sem 1.pdf;105;Politik, Demokratie und Menschenrechte;Stufe 3;Gleichheit;0;1;0;0;1;0.75
Mathwelt 2 Themenbuch Sem 1.pdf;106;Geschlechter und Gleichstellung;Stufe 2;Bildung;0;0;0;1;1;0.1
Mathwelt 2 Themenbuch Sem 1.pdf;106;Geschlechter und Gleichstellung;Stufe 2;Recht;0;1;0;0;1;0.75
Mathwelt 2 Themenbuch Sem 1.pdf;106;Globale Entwicklung und Frieden;Stufe 3;Bildung;0;0;0;1;1;0.1
Mathwelt 2 Themenbuch Sem 1.pdf;106;Kulturelle Identitäten und interkulturelle Verständigung;Stufe 1;Fest;0;0;0;1;1;0.1
Mathwelt 2 Themenbuch Sem 1.pdf;106;Politik, Demokratie und Menschenrechte;Stufe 3;Mehrheit;0;0;1;0;1;0.5
Mathwelt 2 Themenbuch Sem 1.pdf;106;Politik, Demokratie und Menschenrechte;Stufe 1;Recht;0;1;0;0;1;0.75
Mathwelt 2 Themenbuch Sem 1.pdf;106;Politik, Demokratie und Menschenrechte;Stufe 2;Rechte;0;1;0;0;1;0.75
Mathwelt 2 Themenbuch Sem 1.pdf;108;Geschlechter und Gleichstellung;Stufe 2;Recht;0;1;1;1;3;1.35
Mathwelt 2 Themenbuch Sem 1.pdf;108;Politik, Demokratie und Menschenrechte;Stufe 1;Recht;0;1;1;1;3;1.35
Mathwelt 2 Themenbuch Sem 1.pdf;108;Politik, Demokratie und Menschenrechte;Stufe 2;Rechte;1;0;1;1;3;1.6
Mathwelt 2 Themenbuch Sem 1.pdf;108;Politik, Demokratie und Menschenrechte;Stufe 1;Regeln;0;0;1;0;1;0.5
Mathwelt 2 Themenbuch Sem 1.pdf;110;Geschlechter und Gleichstellung;Stufe 3;Aufgaben;0;1;0;0;1;0.75
Mathwelt 2 Themenbuch Sem 1.pdf;110;Geschlechter und Gleichstellung;Stufe 2;Bildung;0;0;0;3;3;0.3
Mathwelt 2 Themenbuch Sem 1.pdf;110;Geschlechter und Gleichstellung;Stufe 2;Recht;0;0;0;2;2;0.2
Mathwelt 2 Themenbuch Sem 1.pdf;110;Geschlechter und Gleichstellung;Stufe 1;gleich;0;0;3;1;4;1.6
Mathwelt 2 Themenbuch Sem 1.pdf;110;Globale Entwicklung und Frieden;Stufe 3;Bildung;0;0;0;3;3;0.3
Mathwelt 2 Themenbuch Sem 1.pdf;110;Politik, Demokratie und Menschenrechte;Stufe 3;Gleichheit;0;0;3;1;4;1.6
Mathwelt 2 Themenbuch Sem 1.pdf;110;Politik, Demokratie und Menschenrechte;Stufe 1;Recht;0;0;0;2;2;0.2
Mathwelt 2 Themenbuch Sem 1.pdf;110;Politik, Demokratie und Menschenrechte;Stufe 2;Rechte;0;0;0;2;2;0.2
Mathwelt 2 Themenbuch Sem 1.pdf;111;Geschlechter und Gleichstellung;Stufe 3;Verteilung;0;0;1;0;1;0.5
Mathwelt 2 Themenbuch Sem 1.pdf;111;Gesundheit;Stufe 1;Essen;0;0;5;1;6;2.6
Mathwelt 2 Themenbuch Sem 1.pdf;111;Globale Entwicklung und Frieden;Stufe 2;Verteilung;0;0;1;0;1;0.5
Mathwelt 2 Themenbuch Sem 1.pdf;111;Kulturelle Identitäten und interkulturelle Verständigung;Stufe 1;Essen;0;0;5;1;6;2.6
Mathwelt 2 Themenbuch Sem 1.pdf;111;Natürliche Umwelt und Ressourcen;Stufe 1;Erde;0;0;0;1;1;0.1
Mathwelt 2 Themenbuch Sem 1.pdf;111;Politik, Demokratie und Menschenrechte;Stufe 3;Mehrheit;0;0;2;0;2;1.1
Mathwelt 2 Themenbuch Sem 1.pdf;111;Politik, Demokratie und Menschenrechte;Stufe 1;Stimme;0;0;0;1;1;0.1
Mathwelt 2 Themenbuch Sem 1.pdf;111;Politik, Demokratie und Menschenrechte;Stufe 2;Verteilung;0;0;1;0;1;0.5
Mathwelt 2 Themenbuch Sem 1.pdf;111;Wirtschaft und Konsum;Stufe 2;Marke;2;0;0;0;2;2
Mathwelt 2 Themenbuch Sem 1.pdf;112;Geschlechter und Gleichstellung;Stufe 3;Aufgaben;0;1;0;0;1;0.75
Mathwelt 2 Themenbuch Sem 1.pdf;112;Geschlechter und Gleichstellung;Stufe 2;Bildung;0;0;0;1;1;0.1
Mathwelt 2 Themenbuch Sem 1.pdf;112;Geschlechter und Gleichstellung;Stufe 1;gleich;0;1;0;0;1;0.75
Mathwelt 2 Themenbuch Sem 1.pdf;112;Globale Entwicklung und Frieden;Stufe 3;Bildung;0;0;0;1;1;0.1
Mathwelt 2 Themenbuch Sem 1.pdf;112;Politik, Demokratie und Menschenrechte;Stufe 3;Gleichheit;0;1;0;0;1;0.75
Mathwelt 2 Themenbuch Sem 1.pdf;113;Geschlechter und Gleichstellung;Stufe 1;Arbeit;0;0;1;0;1;0.5
Mathwelt 2 Themenbuch Sem 1.pdf;113;Geschlechter und Gleichstellung;Stufe 2;Arbeit;0;0;1;0;1;0.5
Mathwelt 2 Themenbuch Sem 1.pdf;113;Geschlechter und Gleichstellung;Stufe 2;Recht;0;0;1;0;1;0.5
Mathwelt 2 Themenbuch Sem 1.pdf;113;Kulturelle Identitäten und interkulturelle Verständigung;Stufe 1;Art;1;0;0;0;1;1
Mathwelt 2 Themenbuch Sem 1.pdf;113;Natürliche Umwelt und Ressourcen;Stufe 2;Arten;0;1;0;0;1;0.75
Mathwelt 2 Themenbuch Sem 1.pdf;113;Politik, Demokratie und Menschenrechte;Stufe 1;Recht;0;0;1;0;1;0.5
Mathwelt 2 Themenbuch Sem 1.pdf;113;Politik, Demokratie und Menschenrechte;Stufe 2;Rechte;0;0;1;0;1;0.5
Mathwelt 2 Themenbuch Sem 1.pdf;113;Politik, Demokratie und Menschenrechte;Stufe 1;Regeln;0;0;1;0;1;0.5
Mathwelt 2 Themenbuch Sem 1.pdf;113;Wirtschaft und Konsum;Stufe 1;Arbeit;0;0;1;0;1;0.5
Mathwelt 2 Themenbuch Sem 1.pdf;114;Geschlechter und Gleichstellung;Stufe 2;Recht;0;0;1;0;1;0.5
Mathwelt 2 Themenbuch Sem 1.pdf;114;Kulturelle Identitäten und interkulturelle Verständigung;Stufe 1;Art;0;0;0;1;1;0.1
Mathwelt 2 Themenbuch Sem 1.pdf;114;Politik, Demokratie und Menschenrechte;Stufe 1;Recht;0;0;1;0;1;0.5
Mathwelt 2 Themenbuch Sem 1.pdf;114;Politik, Demokratie und Menschenrechte;Stufe 2;Rechte;0;0;1;0;1;0.5
Mathwelt 2 Themenbuch Sem 1.pdf;115;Geschlechter und Gleichstellung;Stufe 1;Gruppe;1;0;1;0;2;1.5
Mathwelt 2 Themenbuch Sem 1.pdf;115;Gesundheit;Stufe 1;Essen;0;0;0;1;1;0.1
Mathwelt 2 Themenbuch Sem 1.pdf;115;Globale Entwicklung und Frieden;Stufe 1;Gemeinschaft;0;0;3;0;3;1.5
Mathwelt 2 Themenbuch Sem 1.pdf;115;Globale Entwicklung und Frieden;Stufe 1;Gruppe;1;0;1;0;2;1.5
Mathwelt 2 Themenbuch Sem 1.pdf;115;Kulturelle Identitäten und interkulturelle Verständigung;Stufe 1;Art;0;0;0;3;3;0.3
Mathwelt 2 Themenbuch Sem 1.pdf;115;Kulturelle Identitäten und interkulturelle Verständigung;Stufe 1;Essen;0;0;0;1;1;0.1
Mathwelt 2 Themenbuch Sem 1.pdf;115;Kulturelle Identitäten und interkulturelle Verständigung;Stufe 2;Gemeinschaft;0;0;3;0;3;1.5
Mathwelt 2 Themenbuch Sem 1.pdf;115;Kulturelle Identitäten und interkulturelle Verständigung;Stufe 1;Gruppe;1;0;1;0;2;1.5
Mathwelt 2 Themenbuch Sem 1.pdf;115;Natürliche Umwelt und Ressourcen;Stufe 2;Arten;0;0;1;2;3;0.7
Mathwelt 2 Themenbuch Sem 1.pdf;115;Natürliche Umwelt und Ressourcen;Stufe 1;Erde;0;0;0;2;2;0.2
Mathwelt 2 Themenbuch Sem 1.pdf;115;Natürliche Umwelt und Ressourcen;Stufe 1;Tier;0;0;0;3;3;0.3
Mathwelt 2 Themenbuch Sem 1.pdf;115;Politik, Demokratie und Menschenrechte;Stufe 1;Gruppe;1;0;1;0;2;1.5
Mathwelt 2 Themenbuch Sem 1.pdf;115;Politik, Demokratie und Menschenrechte;Stufe 3;Mehrheit;0;0;2;0;2;1
Mathwelt 2 Themenbuch Sem 1.pdf;116;Natürliche Umwelt und Ressourcen;Stufe 1;Tier;0;0;0;2;2;0.2
Mathwelt 2 Themenbuch Sem 1.pdf;116;Politik, Demokratie und Menschenrechte;Stufe 2;Gesetz;0;0;1;0;1;0.5
Mathwelt 2 Themenbuch Sem 1.pdf;116;Politik, Demokratie und Menschenrechte;Stufe 1;Ordnung;0;0;1;0;1;0.5
Mathwelt 2 Themenbuch Sem 1.pdf;116;Wirtschaft und Konsum;Stufe 1;Tausch;0;0;1;0;1;0.5
Mathwelt 2 Themenbuch Sem 1.pdf;117;Geschlechter und Gleichstellung;Stufe 2;Bildung;0;2;0;1;3;1.6
Mathwelt 2 Themenbuch Sem 1.pdf;117;Globale Entwicklung und Frieden;Stufe 3;Bildung;0;2;0;1;3;1.6
Mathwelt 2 Themenbuch Sem 1.pdf;117;Kulturelle Identitäten und interkulturelle Verständigung;Stufe 1;Art;0;0;0;1;1;0.1
Mathwelt 2 Themenbuch Sem 1.pdf;117;Natürliche Umwelt und Ressourcen;Stufe 1;Erde;0;0;0;1;1;0.1
Mathwelt 2 Themenbuch Sem 1.pdf;117;Natürliche Umwelt und Ressourcen;Stufe 1;Tier;0;0;0;1;1;0.1
Mathwelt 2 Themenbuch Sem 1.pdf;117;Politik, Demokratie und Menschenrechte;Stufe 1;Ordnung;0;0;0;1;1;0.1
Mathwelt 2 Themenbuch Sem 1.pdf;120;Geschlechter und Gleichstellung;Stufe 1;gleich;0;1;0;0;1;0.75
Mathwelt 2 Themenbuch Sem 1.pdf;120;Kulturelle Identitäten und interkulturelle Verständigung;Stufe 1;Art;0;0;0;5;5;0.5
Mathwelt 2 Themenbuch Sem 1.pdf;120;Natürliche Umwelt und Ressourcen;Stufe 2;Arten;0;0;4;1;5;2.1
Mathwelt 2 Themenbuch Sem 1.pdf;120;Politik, Demokratie und Menschenrechte;Stufe 3;Gleichheit;0;1;0;0;1;0.75
Mathwelt 2 Themenbuch Sem 1.pdf;121;Kulturelle Identitäten und interkulturelle Verständigung;Stufe 1;Art;0;0;0;2;2;0.2
Mathwelt 2 Themenbuch Sem 1.pdf;121;Natürliche Umwelt und Ressourcen;Stufe 2;Arten;0;0;0;1;1;0.1
Mathwelt 2 Themenbuch Sem 1.pdf;121;Natürliche Umwelt und Ressourcen;Stufe 1;Tier;0;0;0;1;1;0.1
Mathwelt 2 Themenbuch Sem 1.pdf;121;Politik, Demokratie und Menschenrechte;Stufe 1;Regeln;4;0;0;0;4;4
Mathwelt 2 Themenbuch Sem 1.pdf;122;Geschlechter und Gleichstellung;Stufe 2;Bildung;0;0;0;2;2;0.2
Mathwelt 2 Themenbuch Sem 1.pdf;122;Geschlechter und Gleichstellung;Stufe 2;Recht;0;0;1;1;2;0.6
Mathwelt 2 Themenbuch Sem 1.pdf;122;Globale Entwicklung und Frieden;Stufe 3;Bildung;0;0;0;2;2;0.2
Mathwelt 2 Themenbuch Sem 1.pdf;122;Kulturelle Identitäten und interkulturelle Verständigung;Stufe 1;Art;0;0;0;1;1;0.1
Mathwelt 2 Themenbuch Sem 1.pdf;122;Politik, Demokratie und Menschenrechte;Stufe 1;Recht;0;0;1;1;2;0.6
Mathwelt 2 Themenbuch Sem 1.pdf;122;Politik, Demokratie und Menschenrechte;Stufe 2;Rechte;0;0;1;1;2;0.6
Mathwelt 2 Themenbuch Sem 1.pdf;123;Geschlechter und Gleichstellung;Stufe 2;Bildung;0;0;2;0;2;1
Mathwelt 2 Themenbuch Sem 1.pdf;123;Globale Entwicklung und Frieden;Stufe 3;Bildung;0;0;2;0;2;1
Mathwelt 2 Themenbuch Sem 1.pdf;123;Politik, Demokratie und Menschenrechte;Stufe 3;Mehrheit;0;0;1;0;1;0.5
Mathwelt 2 Themenbuch Sem 1.pdf;123;Politik, Demokratie und Menschenrechte;Stufe 1;Regeln;1;0;0;0;1;1
Mathwelt 2 Themenbuch Sem 1.pdf;123;Wirtschaft und Konsum;Stufe 2;Marke;0;0;6;0;6;3
Mathwelt 2 Themenbuch Sem 1.pdf;123;Wirtschaft und Konsum;Stufe 1;Tausch;0;0;0;1;1;0.1
Mathwelt 2 Themenbuch Sem 1.pdf;124;Geschlechter und Gleichstellung;Stufe 1;Arbeit;0;1;0;0;1;0.75
Mathwelt 2 Themenbuch Sem 1.pdf;124;Geschlechter und Gleichstellung;Stufe 2;Arbeit;0;1;0;0;1;0.75
Mathwelt 2 Themenbuch Sem 1.pdf;124;Geschlechter und Gleichstellung;Stufe 1;Mann;0;2;0;0;2;1.5
Mathwelt 2 Themenbuch Sem 1.pdf;124;Geschlechter und Gleichstellung;Stufe 2;Recht;0;2;0;0;2;1.5
Mathwelt 2 Themenbuch Sem 1.pdf;124;Natürliche Umwelt und Ressourcen;Stufe 2;Sonne;0;0;1;0;1;0.5
Mathwelt 2 Themenbuch Sem 1.pdf;124;Natürliche Umwelt und Ressourcen;Stufe 2;Stein;0;0;2;2;4;1.2
Mathwelt 2 Themenbuch Sem 1.pdf;124;Politik, Demokratie und Menschenrechte;Stufe 1;Ordnung;0;0;0;1;1;0.1
Mathwelt 2 Themenbuch Sem 1.pdf;124;Politik, Demokratie und Menschenrechte;Stufe 1;Recht;0;2;0;0;2;1.5
Mathwelt 2 Themenbuch Sem 1.pdf;124;Politik, Demokratie und Menschenrechte;Stufe 2;Rechte;0;2;0;0;2;1.5
Mathwelt 2 Themenbuch Sem 1.pdf;124;Politik, Demokratie und Menschenrechte;Stufe 1;Regeln;0;0;1;0;1;0.5
Mathwelt 2 Themenbuch Sem 1.pdf;124;Wirtschaft und Konsum;Stufe 1;Arbeit;0;1;0;0;1;0.75
Mathwelt 2 Themenbuch Sem 1.pdf;125;Geschlechter und Gleichstellung;Stufe 1;Mann;0;1;0;0;1;0.75
Mathwelt 2 Themenbuch Sem 1.pdf;125;Geschlechter und Gleichstellung;Stufe 1;gleich;0;0;0;4;4;0.4
Mathwelt 2 Themenbuch Sem 1.pdf;125;Kulturelle Identitäten und interkulturelle Verständigung;Stufe 1;Art;0;0;0;2;2;0.2
Mathwelt 2 Themenbuch Sem 1.pdf;125;Politik, Demokratie und Menschenrechte;Stufe 3;Gleichheit;0;0;4;0;4;2.4
Mathwelt 2 Themenbuch Sem 1.pdf;125;Politik, Demokratie und Menschenrechte;Stufe 3;Mehrheit;0;0;1;0;1;0.5
Mathwelt 2 Themenbuch Sem 1.pdf;125;Wirtschaft und Konsum;Stufe 1;Produkt;3;0;0;0;3;3
Mathwelt 2 Themenbuch Sem 1.pdf;125;Wirtschaft und Konsum;Stufe 2;Produktion;0;0;3;0;3;1.5
Mathwelt 2 Themenbuch Sem 1.pdf;125;Wirtschaft und Konsum;Stufe 3;Produktion;0;0;3;0;3;1.5
Mathwelt 2 Themenbuch Sem 1.pdf;126;Wirtschaft und Konsum;Stufe 2;Angebot;1;0;0;0;1;1
Mathwelt 2 Themenbuch Sem 1.pdf;127;Geschlechter und Gleichstellung;Stufe 3;Aufgaben;0;1;0;0;1;0.75
Mathwelt 2 Themenbuch Sem 1.pdf;127;Gesundheit;Stufe 1;Essen;0;0;1;0;1;0.5
Mathwelt 2 Themenbuch Sem 1.pdf;127;Kulturelle Identitäten und interkulturelle Verständigung;Stufe 1;Brauch;0;2;0;0;2;1.5
Mathwelt 2 Themenbuch Sem 1.pdf;127;Kulturelle Identitäten und interkulturelle Verständigung;Stufe 1;Essen;0;0;1;0;1;0.5
Mathwelt 2 Themenbuch Sem 1.pdf;127;Natürliche Umwelt und Ressourcen;Stufe 1;Erde;0;0;0;1;1;0.1
Mathwelt 2 Themenbuch Sem 1.pdf;127;Natürliche Umwelt und Ressourcen;Stufe 1;Tier;0;0;0;1;1;0.1
Mathwelt 2 Themenbuch Sem 1.pdf;128;Geschlechter und Gleichstellung;Stufe 1;Frau;4;0;0;0;4;4
Mathwelt 2 Themenbuch Sem 1.pdf;128;Geschlechter und Gleichstellung;Stufe 1;Mensch;1;0;0;0;1;1
Mathwelt 2 Themenbuch Sem 1.pdf;128;Gesundheit;Stufe 1;Alter;0;1;0;0;1;0.75
Mathwelt 2 Themenbuch Sem 1.pdf;128;Gesundheit;Stufe 1;Essen;0;0;3;1;4;1.6
Mathwelt 2 Themenbuch Sem 1.pdf;128;Gesundheit;Stufe 1;Sport;0;0;1;1;2;0.6
Mathwelt 2 Themenbuch Sem 1.pdf;128;Kulturelle Identitäten und interkulturelle Verständigung;Stufe 1;Essen;0;0;3;1;4;1.6
Mathwelt 2 Themenbuch Sem 1.pdf;128;Natürliche Umwelt und Ressourcen;Stufe 1;Berg;0;0;2;0;2;1
Mathwelt 2 Themenbuch Sem 1.pdf;128;Natürliche Umwelt und Ressourcen;Stufe 1;Natur;1;0;0;0;1;1
Mathwelt 2 Themenbuch Sem 1.pdf;128;Natürliche Umwelt und Ressourcen;Stufe 2;Natur;1;0;0;0;1;1
Mathwelt 2 Themenbuch Sem 1.pdf;128;Wirtschaft und Konsum;Stufe 1;Tausch;0;0;1;0;1;0.5
Mathwelt 2 Themenbuch Sem 1.pdf;129;Geschlechter und Gleichstellung;Stufe 1;Mensch;1;0;0;0;1;1
Mathwelt 2 Themenbuch Sem 1.pdf;129;Gesundheit;Stufe 1;Essen;0;0;0;1;1;0.1
Mathwelt 2 Themenbuch Sem 1.pdf;129;Gesundheit;Stufe 1;Leben;0;0;1;0;1;0.5
Mathwelt 2 Themenbuch Sem 1.pdf;129;Kulturelle Identitäten und interkulturelle Verständigung;Stufe 1;Essen;0;0;0;1;1;0.1
Mathwelt 2 Themenbuch Sem 1.pdf;129;Natürliche Umwelt und Ressourcen;Stufe 1;Leben;0;0;1;0;1;0.5
Mathwelt 2 Themenbuch Sem 1.pdf;129;Natürliche Umwelt und Ressourcen;Stufe 1;Tier;0;0;0;1;1;0.1
Mathwelt 2 Themenbuch Sem 1.pdf;129;Politik, Demokratie und Menschenrechte;Stufe 1;Stimme;0;1;0;0;1;0.75
Mathwelt 2 Themenbuch Sem 1.pdf;129;Wirtschaft und Konsum;Stufe 2;Einkauf;0;0;1;0;1;0.5
Mathwelt 2 Themenbuch Sem 1.pdf;129;Wirtschaft und Konsum;Stufe 1;Kauf;0;0;0;1;1;0.1
Mathwelt 2 Themenbuch Sem 1.pdf;131;Geschlechter und Gleichstellung;Stufe 1;Kind;0;1;0;0;1;0.75
Mathwelt 2 Themenbuch Sem 1.pdf;131;Gesundheit;Stufe 1;Alter;0;2;0;0;2;1.5
Mathwelt 2 Themenbuch Sem 1.pdf;131;Kulturelle Identitäten und interkulturelle Verständigung;Stufe 2;Feiertag;0;1;0;0;1;0.75
Mathwelt 2 Themenbuch Sem 1.pdf;131;Politik, Demokratie und Menschenrechte;Stufe 1;Freiheit;0;1;0;0;1;0.75
Mathwelt 2 Themenbuch Sem 1.pdf;131;Wirtschaft und Konsum;Stufe 1;Ware;0;1;0;0;1;0.75
Mathwelt 2 Themenbuch Sem 1.pdf;132;Geschlechter und Gleichstellung;Stufe 3;Aufgaben;1;0;2;0;3;2
Mathwelt 2 Themenbuch Sem 1.pdf;132;Kulturelle Identitäten und interkulturelle Verständigung;Stufe 1;Art;0;0;0;5;5;0.5
Mathwelt 2 Themenbuch Sem 1.pdf;132;Kulturelle Identitäten und interkulturelle Verständigung;Stufe 2;Austausch;0;1;0;0;1;0.75
Mathwelt 2 Themenbuch Sem 1.pdf;132;Natürliche Umwelt und Ressourcen;Stufe 2;Arten;0;0;2;0;2;1
Mathwelt 2 Themenbuch Sem 1.pdf;132;Politik, Demokratie und Menschenrechte;Stufe 1;Ordnung;0;0;1;0;1;0.6
Mathwelt 2 Themenbuch Sem 1.pdf;132;Wirtschaft und Konsum;Stufe 2;Kunde;0;0;0;1;1;0.1
Mathwelt 2 Themenbuch Sem 1.pdf;132;Wirtschaft und Konsum;Stufe 1;Tausch;0;0;0;2;2;0.2
Mathwelt 2 Themenbuch Sem 1.pdf;133;Geschlechter und Gleichstellung;Stufe 1;gleich;0;0;0;2;2;0.2
Mathwelt 2 Themenbuch Sem 1.pdf;133;Kulturelle Identitäten und interkulturelle Verständigung;Stufe 1;Art;0;0;0;1;1;0.1
Mathwelt 2 Themenbuch Sem 1.pdf;133;Politik, Demokratie und Menschenrechte;Stufe 3;Gleichheit;0;0;2;0;2;1.2
Mathwelt 2 Themenbuch Sem 1.pdf;134;Geschlechter und Gleichstellung;Stufe 1;Person;0;0;1;1;2;0.6
Mathwelt 2 Themenbuch Sem 1.pdf;134;Geschlechter und Gleichstellung;Stufe 1;gleich;0;0;0;1;1;0.1
Mathwelt 2 Themenbuch Sem 1.pdf;134;Politik, Demokratie und Menschenrechte;Stufe 3;Gleichheit;0;0;1;0;1;0.6
Mathwelt 2 Themenbuch Sem 1.pdf;134;Politik, Demokratie und Menschenrechte;Stufe 3;Mehrheit;0;1;0;0;1;0.75
Mathwelt 2 Themenbuch Sem 1.pdf;134;Politik, Demokratie und Menschenrechte;Stufe 1;Stimme;0;1;0;0;1;0.75
Mathwelt 2 Themenbuch Sem 1.pdf;134;Wirtschaft und Konsum;Stufe 1;Tausch;0;1;0;0;1;0.75
Mathwelt 2 Themenbuch Sem 1.pdf;135;Geschlechter und Gleichstellung;Stufe 3;Unterschied;0;0;1;0;1;0.5
Mathwelt 2 Themenbuch Sem 1.pdf;135;Geschlechter und Gleichstellung;Stufe 1;gleich;0;0;0;1;1;0.1
Mathwelt 2 Themenbuch Sem 1.pdf;135;Globale Entwicklung und Frieden;Stufe 1;Land;0;0;0;1;1;0.1
Mathwelt 2 Themenbuch Sem 1.pdf;135;Kulturelle Identitäten und interkulturelle Verständigung;Stufe 1;Art;0;0;0;2;2;0.2
Mathwelt 2 Themenbuch Sem 1.pdf;135;Kulturelle Identitäten und interkulturelle Verständigung;Stufe 3;Unterschiede;0;0;1;0;1;0.5
Mathwelt 2 Themenbuch Sem 1.pdf;135;Natürliche Umwelt und Ressourcen;Stufe 1;Erde;0;0;0;1;1;0.1
Mathwelt 2 Themenbuch Sem 1.pdf;135;Natürliche Umwelt und Ressourcen;Stufe 2;Landschaft;0;0;0;1;1;0.1
Mathwelt 2 Themenbuch Sem 1.pdf;135;Politik, Demokratie und Menschenrechte;Stufe 3;Gleichheit;0;0;1;0;1;0.6
Mathwelt 2 Themenbuch Sem 1.pdf;136;Geschlechter und Gleichstellung;Stufe 3;Unterschied;0;0;2;0;2;1
Mathwelt 2 Themenbuch Sem 1.pdf;136;Gesundheit;Stufe 1;Bewegung;0;0;0;2;2;0.2
Mathwelt 2 Themenbuch Sem 1.pdf;136;Gesundheit;Stufe 2;Bewegung;0;0;0;2;2;0.2
Mathwelt 2 Themenbuch Sem 1.pdf;136;Kulturelle Identitäten und interkulturelle Verständigung;Stufe 1;Art;0;0;0;1;1;0.1
Mathwelt 2 Themenbuch Sem 1.pdf;136;Kulturelle Identitäten und interkulturelle Verständigung;Stufe 1;Brauch;0;0;1;0;1;0.5
Mathwelt 2 Themenbuch Sem 1.pdf;136;Kulturelle Identitäten und interkulturelle Verständigung;Stufe 3;Unterschiede;0;0;2;0;2;1
Mathwelt 2 Themenbuch Sem 1.pdf;136;Natürliche Umwelt und Ressourcen;Stufe 2;Arten;0;0;1;0;1;0.5
Mathwelt 2 Themenbuch Sem 1.pdf;136;Natürliche Umwelt und Ressourcen;Stufe 1;Tier;0;0;0;1;1;0.1
Mathwelt 2 Themenbuch Sem 1.pdf;137;Geschlechter und Gleichstellung;Stufe 3;Aufgaben;0;1;0;0;1;0.75
Mathwelt 2 Themenbuch Sem 1.pdf;137;Geschlechter und Gleichstellung;Stufe 2;Bildung;0;2;0;0;2;1.5
Mathwelt 2 Themenbuch Sem 1.pdf;137;Geschlechter und Gleichstellung;Stufe 1;gleich;1;0;0;0;1;1
Mathwelt 2 Themenbuch Sem 1.pdf;137;Gesundheit;Stufe 1;Körper;1;0;0;0;1;1
Mathwelt 2 Themenbuch Sem 1.pdf;137;Gesundheit;Stufe 1;Sport;0;0;0;2;2;0.2
Mathwelt 2 Themenbuch Sem 1.pdf;137;Globale Entwicklung und Frieden;Stufe 3;Bildung;0;2;0;0;2;1.5
Mathwelt 2 Themenbuch Sem 1.pdf;137;Natürliche Umwelt und Ressourcen;Stufe 1;Boden;1;0;0;0;1;1
Mathwelt 2 Themenbuch Sem 1.pdf;137;Natürliche Umwelt und Ressourcen;Stufe 2;Boden;1;0;0;0;1;1
Mathwelt 2 Themenbuch Sem 1.pdf;137;Politik, Demokratie und Menschenrechte;Stufe 3;Gleichheit;0;1;0;0;1;0.75
Mathwelt 2 Themenbuch Sem 1.pdf;137;Politik, Demokratie und Menschenrechte;Stufe 1;Ordnung;0;1;1;0;2;1.35
Mathwelt 2 Themenbuch Sem 1.pdf;137;Politik, Demokratie und Menschenrechte;Stufe 1;Stimme;0;0;0;1;1;0.1
Mathwelt 2 Themenbuch Sem 1.pdf;137;Wirtschaft und Konsum;Stufe 2;Kunde;0;0;1;0;1;0.5
Mathwelt 2 Themenbuch Sem 1.pdf;137;Wirtschaft und Konsum;Stufe 1;Tausch;0;1;0;0;1;0.75
Mathwelt 2 Themenbuch Sem 1.pdf;137;Wirtschaft und Konsum;Stufe 3;Transport;0;0;2;0;2;1
Mathwelt 2 Themenbuch Sem 1.pdf;138;Geschlechter und Gleichstellung;Stufe 1;Arbeit;0;0;1;0;1;0.5
Mathwelt 2 Themenbuch Sem 1.pdf;138;Geschlechter und Gleichstellung;Stufe 2;Arbeit;0;0;1;0;1;0.5
Mathwelt 2 Themenbuch Sem 1.pdf;138;Geschlechter und Gleichstellung;Stufe 2;Recht;0;15;0;0;15;11.25
Mathwelt 2 Themenbuch Sem 1.pdf;138;Kulturelle Identitäten und interkulturelle Verständigung;Stufe 1;Art;0;0;1;0;1;0.5
Mathwelt 2 Themenbuch Sem 1.pdf;138;Natürliche Umwelt und Ressourcen;Stufe 1;Berg;0;0;0;1;1;0.1
Mathwelt 2 Themenbuch Sem 1.pdf;138;Politik, Demokratie und Menschenrechte;Stufe 1;Recht;0;15;0;0;15;11.25
Mathwelt 2 Themenbuch Sem 1.pdf;138;Politik, Demokratie und Menschenrechte;Stufe 2;Rechte;0;15;0;0;15;11.25
Mathwelt 2 Themenbuch Sem 1.pdf;138;Wirtschaft und Konsum;Stufe 1;Arbeit;0;0;1;0;1;0.5
Mathwelt 2 Themenbuch Sem 1.pdf;138;Wirtschaft und Konsum;Stufe 1;Geld;1;0;0;0;1;1
Mathwelt 2 Themenbuch Sem 1.pdf;139;Geschlechter und Gleichstellung;Stufe 2;Recht;0;22;0;0;22;16.5
Mathwelt 2 Themenbuch Sem 1.pdf;139;Gesundheit;Stufe 2;Ernährung;0;0;1;0;1;0.5
Mathwelt 2 Themenbuch Sem 1.pdf;139;Gesundheit;Stufe 1;Leben;0;0;1;0;1;0.5
Mathwelt 2 Themenbuch Sem 1.pdf;139;Globale Entwicklung und Frieden;Stufe 1;Land;0;0;1;0;1;0.5
Mathwelt 2 Themenbuch Sem 1.pdf;139;Kulturelle Identitäten und interkulturelle Verständigung;Stufe 1;Art;0;0;1;0;1;0.5
Mathwelt 2 Themenbuch Sem 1.pdf;139;Natürliche Umwelt und Ressourcen;Stufe 2;Landschaft;0;0;1;0;1;0.6
Mathwelt 2 Themenbuch Sem 1.pdf;139;Natürliche Umwelt und Ressourcen;Stufe 1;Leben;0;0;1;0;1;0.5
Mathwelt 2 Themenbuch Sem 1.pdf;139;Natürliche Umwelt und Ressourcen;Stufe 2;Sonne;0;0;1;0;1;0.5
Mathwelt 2 Themenbuch Sem 1.pdf;139;Politik, Demokratie und Menschenrechte;Stufe 1;Gesellschaft;1;0;0;0;1;1
Mathwelt 2 Themenbuch Sem 1.pdf;139;Politik, Demokratie und Menschenrechte;Stufe 1;Recht;0;22;0;0;22;16.5
Mathwelt 2 Themenbuch Sem 1.pdf;139;Politik, Demokratie und Menschenrechte;Stufe 2;Rechte;0;22;0;0;22;16.5
Mathwelt 2 Themenbuch Sem 1.pdf;139;Wirtschaft und Konsum;Stufe 2;Kunde;0;0;1;0;1;0.6
Mathwelt 2 Themenbuch Sem 1.pdf;140;Geschlechter und Gleichstellung;Stufe 1;Mann;0;0;2;0;2;1
Mathwelt 2 Themenbuch Sem 1.pdf;140;Geschlechter und Gleichstellung;Stufe 2;Recht;0;7;2;1;10;6.35
Mathwelt 2 Themenbuch Sem 1.pdf;140;Geschlechter und Gleichstellung;Stufe 4;Vereinbarkeit;0;1;0;0;1;0.75
Mathwelt 2 Themenbuch Sem 1.pdf;140;Gesundheit;Stufe 1;Rein;0;0;0;1;1;0.1
Mathwelt 2 Themenbuch Sem 1.pdf;140;Natürliche Umwelt und Ressourcen;Stufe 1;Berg;0;0;1;0;1;0.5
Mathwelt 2 Themenbuch Sem 1.pdf;140;Natürliche Umwelt und Ressourcen;Stufe 1;Erde;0;0;0;1;1;0.1
Mathwelt 2 Themenbuch Sem 1.pdf;140;Politik, Demokratie und Menschenrechte;Stufe 1;Recht;0;7;2;1;10;6.35
Mathwelt 2 Themenbuch Sem 1.pdf;140;Politik, Demokratie und Menschenrechte;Stufe 2;Rechte;0;7;2;1;10;6.35
Mathwelt 2 Themenbuch Sem 1.pdf;140;Wirtschaft und Konsum;Stufe 1;Ware;0;1;0;0;1;0.75